00:18:0a:04:16:5e,00:18:0a:04:16:5e,15098.0
00:18:0a:04:16:5e,00:18:0a:04:16:a0,1956.0
00:18:0a:04:16:5e,00:18:0a:04:22:10,38.0
00:18:0a:04:16:5e,00:18:0a:04:4b:1c,61335.0
00:18:0a:04:16:5e,00:18:0a:04:5d:42,33431.0
00:18:0a:04:16:5e,00:18:0a:04:5d:52,1239.0
00:18:0a:04:16:5e,00:18:0a:04:5d:78,26278.0
00:18:0a:04:16:5e,00:18:0a:04:5d:94,12600.0
00:18:0a:04:16:5e,00:18:0a:04:5d:96,8157.0
00:18:0a:04:16:5e,00:18:0a:04:5d:a4,2306.0
00:18:0a:04:16:5e,00:18:0a:04:6d:c4,751.0
00:18:0a:04:16:5e,00:18:0a:13:1e:e0,461.0
00:18:0a:04:16:5e,00:18:0a:13:b2:50,5.0
00:18:0a:04:16:5e,00:18:0a:13:b6:90,72.0
00:18:0a:04:16:5e,00:18:0a:13:bd:60,111.0
00:18:0a:04:16:5e,00:18:0a:14:de:f0,95.0
00:18:0a:04:16:5e,00:18:0a:14:e2:b0,14.0
00:18:0a:04:16:5e,00:18:0a:14:f4:c0,70.0
00:18:0a:04:16:5e,00:18:0a:14:f8:e0,248.0
00:18:0a:04:16:5e,00:18:0a:14:f9:d0,142.0
00:18:0a:04:16:5e,00:18:0a:14:fc:50,199.0
00:18:0a:04:16:5e,00:18:0a:15:0d:70,397.0
00:18:0a:04:16:5e,00:18:0a:15:22:20,480.0
00:18:0a:04:16:5e,00:18:0a:15:22:40,29.0
00:18:0a:04:16:5e,00:18:0a:15:25:90,290.0
00:18:0a:04:16:5e,00:18:0a:15:25:b0,297.0
00:18:0a:04:16:5e,00:18:0a:15:28:30,38.0
00:18:0a:04:16:5e,00:18:0a:15:2e:b0,148.0
00:18:0a:04:16:5e,00:18:0a:15:3c:50,229.0
00:18:0a:04:16:5e,00:18:0a:15:47:c0,40.0
00:18:0a:04:16:5e,00:18:0a:15:58:b0,157.0
00:18:0a:04:16:5e,00:18:0a:15:5f:b0,80588.0
00:18:0a:04:16:5e,00:18:0a:15:65:90,229.0
00:18:0a:04:16:5e,00:18:0a:15:65:c0,1.0
00:18:0a:04:16:5e,00:18:0a:15:67:60,164.0
00:18:0a:04:16:5e,00:18:0a:15:67:c0,31.0
00:18:0a:04:16:5e,00:18:0a:15:90:f0,57.0
00:18:0a:04:16:5e,00:18:0a:15:98:e0,71250.0
00:18:0a:04:16:5e,00:18:0a:15:aa:30,76652.0
00:18:0a:04:16:5e,00:18:0a:15:b2:40,15.0
00:18:0a:04:16:5e,00:18:0a:15:b9:30,620.0
00:18:0a:04:16:5e,00:18:0a:15:ba:f0,137.0
00:18:0a:04:16:5e,00:18:0a:15:bb:a0,146.0
00:18:0a:04:16:5e,00:18:0a:15:d6:10,104883.0
00:18:0a:04:16:5e,00:18:0a:15:d7:20,58.0
00:18:0a:04:16:5e,00:18:0a:15:da:d0,158.0
00:18:0a:04:16:5e,00:18:0a:15:dc:00,1145.0
00:18:0a:04:16:5e,00:18:0a:15:e6:c0,385.0
00:18:0a:04:16:5e,00:18:0a:21:8a:5a,7.0
00:18:0a:04:16:5e,00:18:0a:21:ba:b7,3.0
00:18:0a:04:16:5e,00:18:0a:21:e2:44,4.0
00:18:0a:04:16:5e,00:18:0a:21:e5:19,2.0
00:18:0a:04:16:5e,00:18:0a:21:e5:26,1.0
00:18:0a:04:16:5e,00:18:0a:21:e5:2b,4.0
00:18:0a:04:16:5e,00:18:0a:22:56:86,2.0
00:18:0a:04:16:5e,00:18:0a:22:56:92,1.0
00:18:0a:04:16:5e,00:18:0a:27:c5:1a,47261.0
00:18:0a:04:16:5e,00:18:0a:27:cf:e2,744.0
00:18:0a:04:16:5e,00:18:0a:a1:9f:60,1614.0
00:18:0a:04:16:5e,00:18:0a:a5:32:b0,20.0
00:18:0a:04:16:5e,00:18:0a:a5:4a:00,19.0
00:18:0a:04:16:5e,00:18:0a:a5:4d:b0,34.0
00:18:0a:04:16:5e,00:18:0a:a5:66:b0,11.0
00:18:0a:04:16:5e,00:18:0a:a5:a8:b0,36.0
00:18:0a:04:16:a0,00:18:0a:04:16:a0,36815.0
00:18:0a:04:16:a0,00:18:0a:04:22:10,46.0
00:18:0a:04:16:a0,00:18:0a:04:4b:1c,1467.0
00:18:0a:04:16:a0,00:18:0a:04:5d:42,2077.0
00:18:0a:04:16:a0,00:18:0a:04:5d:52,2279.0
00:18:0a:04:16:a0,00:18:0a:04:5d:78,6317.0
00:18:0a:04:16:a0,00:18:0a:04:5d:94,10382.0
00:18:0a:04:16:a0,00:18:0a:04:5d:96,4344.0
00:18:0a:04:16:a0,00:18:0a:04:5d:a4,8153.0
00:18:0a:04:16:a0,00:18:0a:04:6d:c4,271.0
00:18:0a:04:16:a0,00:18:0a:13:1e:e0,14023.0
00:18:0a:04:16:a0,00:18:0a:13:b2:50,9.0
00:18:0a:04:16:a0,00:18:0a:13:b6:90,15.0
00:18:0a:04:16:a0,00:18:0a:13:bd:60,35.0
00:18:0a:04:16:a0,00:18:0a:14:de:f0,171.0
00:18:0a:04:16:a0,00:18:0a:14:e2:b0,49.0
00:18:0a:04:16:a0,00:18:0a:14:f4:c0,131.0
00:18:0a:04:16:a0,00:18:0a:14:f8:e0,242.0
00:18:0a:04:16:a0,00:18:0a:14:f9:d0,1094.0
00:18:0a:04:16:a0,00:18:0a:14:fc:50,7970.0
00:18:0a:04:16:a0,00:18:0a:15:0d:70,723.0
00:18:0a:04:16:a0,00:18:0a:15:22:20,492.0
00:18:0a:04:16:a0,00:18:0a:15:22:40,167.0
00:18:0a:04:16:a0,00:18:0a:15:25:90,528.0
00:18:0a:04:16:a0,00:18:0a:15:25:b0,366.0
00:18:0a:04:16:a0,00:18:0a:15:28:30,54.0
00:18:0a:04:16:a0,00:18:0a:15:2e:b0,357.0
00:18:0a:04:16:a0,00:18:0a:15:3c:50,466.0
00:18:0a:04:16:a0,00:18:0a:15:47:c0,159.0
00:18:0a:04:16:a0,00:18:0a:15:58:b0,470.0
00:18:0a:04:16:a0,00:18:0a:15:5f:b0,598.0
00:18:0a:04:16:a0,00:18:0a:15:65:90,442.0
00:18:0a:04:16:a0,00:18:0a:15:65:c0,52.0
00:18:0a:04:16:a0,00:18:0a:15:67:60,194.0
00:18:0a:04:16:a0,00:18:0a:15:67:c0,39.0
00:18:0a:04:16:a0,00:18:0a:15:90:f0,2181.0
00:18:0a:04:16:a0,00:18:0a:15:98:e0,775.0
00:18:0a:04:16:a0,00:18:0a:15:aa:30,514.0
00:18:0a:04:16:a0,00:18:0a:15:b2:40,24.0
00:18:0a:04:16:a0,00:18:0a:15:b9:30,10600.0
00:18:0a:04:16:a0,00:18:0a:15:ba:f0,182.0
00:18:0a:04:16:a0,00:18:0a:15:bb:a0,189.0
00:18:0a:04:16:a0,00:18:0a:15:d6:10,1159.0
00:18:0a:04:16:a0,00:18:0a:15:d7:20,77.0
00:18:0a:04:16:a0,00:18:0a:15:da:d0,2919.0
00:18:0a:04:16:a0,00:18:0a:15:dc:00,4522.0
00:18:0a:04:16:a0,00:18:0a:15:e6:c0,1827.0
00:18:0a:04:16:a0,00:18:0a:21:8a:5a,1.0
00:18:0a:04:16:a0,00:18:0a:21:8d:14,3.0
00:18:0a:04:16:a0,00:18:0a:21:e2:44,5.0
00:18:0a:04:16:a0,00:18:0a:21:e5:19,2.0
00:18:0a:04:16:a0,00:18:0a:21:e5:29,1.0
00:18:0a:04:16:a0,00:18:0a:21:e5:2b,2.0
00:18:0a:04:16:a0,00:18:0a:22:56:92,1.0
00:18:0a:04:16:a0,00:18:0a:27:c5:1a,75.0
00:18:0a:04:16:a0,00:18:0a:27:cf:e2,269.0
00:18:0a:04:16:a0,00:18:0a:32:90:b4,2.0
00:18:0a:04:16:a0,00:18:0a:a1:9f:60,266.0
00:18:0a:04:16:a0,00:18:0a:a5:32:b0,11.0
00:18:0a:04:16:a0,00:18:0a:a5:4a:00,7.0
00:18:0a:04:16:a0,00:18:0a:a5:4d:b0,18.0
00:18:0a:04:16:a0,00:18:0a:a5:66:b0,6.0
00:18:0a:04:16:a0,00:18:0a:a5:a8:b0,24.0
00:18:0a:04:22:10,00:18:0a:04:22:10,7250.0
00:18:0a:04:22:10,00:18:0a:04:4b:1c,125.0
00:18:0a:04:22:10,00:18:0a:04:5d:42,31.0
00:18:0a:04:22:10,00:18:0a:04:5d:52,327.0
00:18:0a:04:22:10,00:18:0a:04:5d:78,68.0
00:18:0a:04:22:10,00:18:0a:04:5d:94,136.0
00:18:0a:04:22:10,00:18:0a:04:5d:96,345.0
00:18:0a:04:22:10,00:18:0a:04:5d:a4,1769.0
00:18:0a:04:22:10,00:18:0a:04:6d:c4,425.0
00:18:0a:04:22:10,00:18:0a:13:1e:e0,7.0
00:18:0a:04:22:10,00:18:0a:13:b2:50,4.0
00:18:0a:04:22:10,00:18:0a:13:b6:90,16.0
00:18:0a:04:22:10,00:18:0a:13:bd:60,34.0
00:18:0a:04:22:10,00:18:0a:14:de:f0,620.0
00:18:0a:04:22:10,00:18:0a:14:e2:b0,107.0
00:18:0a:04:22:10,00:18:0a:14:f4:c0,60.0
00:18:0a:04:22:10,00:18:0a:14:f8:e0,109.0
00:18:0a:04:22:10,00:18:0a:14:f9:d0,15.0
00:18:0a:04:22:10,00:18:0a:14:fc:50,7.0
00:18:0a:04:22:10,00:18:0a:15:0d:70,1514.0
00:18:0a:04:22:10,00:18:0a:15:22:20,305.0
00:18:0a:04:22:10,00:18:0a:15:22:40,87.0
00:18:0a:04:22:10,00:18:0a:15:25:90,875.0
00:18:0a:04:22:10,00:18:0a:15:25:b0,151.0
00:18:0a:04:22:10,00:18:0a:15:28:30,30.0
00:18:0a:04:22:10,00:18:0a:15:2e:b0,735.0
00:18:0a:04:22:10,00:18:0a:15:3c:50,1192.0
00:18:0a:04:22:10,00:18:0a:15:47:c0,12.0
00:18:0a:04:22:10,00:18:0a:15:58:b0,14.0
00:18:0a:04:22:10,00:18:0a:15:5f:b0,76.0
00:18:0a:04:22:10,00:18:0a:15:65:90,891.0
00:18:0a:04:22:10,00:18:0a:15:65:c0,3.0
00:18:0a:04:22:10,00:18:0a:15:67:60,185.0
00:18:0a:04:22:10,00:18:0a:15:67:c0,77.0
00:18:0a:04:22:10,00:18:0a:15:90:f0,2.0
00:18:0a:04:22:10,00:18:0a:15:98:e0,156.0
00:18:0a:04:22:10,00:18:0a:15:aa:30,91.0
00:18:0a:04:22:10,00:18:0a:15:b2:40,69.0
00:18:0a:04:22:10,00:18:0a:15:b9:30,21.0
00:18:0a:04:22:10,00:18:0a:15:ba:f0,107.0
00:18:0a:04:22:10,00:18:0a:15:bb:a0,132.0
00:18:0a:04:22:10,00:18:0a:15:d6:10,96.0
00:18:0a:04:22:10,00:18:0a:15:d7:20,61.0
00:18:0a:04:22:10,00:18:0a:15:da:d0,7.0
00:18:0a:04:22:10,00:18:0a:15:dc:00,90.0
00:18:0a:04:22:10,00:18:0a:15:e6:c0,37.0
00:18:0a:04:22:10,00:18:0a:21:8d:14,2.0
00:18:0a:04:22:10,00:18:0a:21:e5:19,1.0
00:18:0a:04:22:10,00:18:0a:27:c5:1a,17.0
00:18:0a:04:22:10,00:18:0a:27:cf:e2,209.0
00:18:0a:04:22:10,00:18:0a:a1:9f:60,13.0
00:18:0a:04:22:10,00:18:0a:a5:32:b0,1111.0
00:18:0a:04:22:10,00:18:0a:a5:4a:00,1699.0
00:18:0a:04:22:10,00:18:0a:a5:4d:b0,2121.0
00:18:0a:04:22:10,00:18:0a:a5:66:b0,1453.0
00:18:0a:04:22:10,00:18:0a:a5:a8:b0,3072.0
00:18:0a:04:4b:1c,00:18:0a:04:4b:1c,218822.0
00:18:0a:04:4b:1c,00:18:0a:04:5d:42,50364.0
00:18:0a:04:4b:1c,00:18:0a:04:5d:52,5733.0
00:18:0a:04:4b:1c,00:18:0a:04:5d:78,22328.0
00:18:0a:04:4b:1c,00:18:0a:04:5d:94,17739.0
00:18:0a:04:4b:1c,00:18:0a:04:5d:96,56091.0
00:18:0a:04:4b:1c,00:18:0a:04:5d:a4,8674.0
00:18:0a:04:4b:1c,00:18:0a:04:6d:c4,1224.0
00:18:0a:04:4b:1c,00:18:0a:13:1e:e0,212.0
00:18:0a:04:4b:1c,00:18:0a:13:b2:50,16.0
00:18:0a:04:4b:1c,00:18:0a:13:b6:90,61.0
00:18:0a:04:4b:1c,00:18:0a:13:bd:60,131.0
00:18:0a:04:4b:1c,00:18:0a:14:de:f0,383.0
00:18:0a:04:4b:1c,00:18:0a:14:e2:b0,149.0
00:18:0a:04:4b:1c,00:18:0a:14:f4:c0,256.0
00:18:0a:04:4b:1c,00:18:0a:14:f8:e0,718.0
00:18:0a:04:4b:1c,00:18:0a:14:f9:d0,153.0
00:18:0a:04:4b:1c,00:18:0a:14:fc:50,89.0
00:18:0a:04:4b:1c,00:18:0a:15:0d:70,1122.0
00:18:0a:04:4b:1c,00:18:0a:15:22:20,1455.0
00:18:0a:04:4b:1c,00:18:0a:15:22:40,212.0
00:18:0a:04:4b:1c,00:18:0a:15:25:90,961.0
00:18:0a:04:4b:1c,00:18:0a:15:25:b0,957.0
00:18:0a:04:4b:1c,00:18:0a:15:28:30,149.0
00:18:0a:04:4b:1c,00:18:0a:15:2e:b0,547.0
00:18:0a:04:4b:1c,00:18:0a:15:3c:50,660.0
00:18:0a:04:4b:1c,00:18:0a:15:47:c0,21.0
00:18:0a:04:4b:1c,00:18:0a:15:58:b0,1087.0
00:18:0a:04:4b:1c,00:18:0a:15:5f:b0,39046.0
00:18:0a:04:4b:1c,00:18:0a:15:65:90,685.0
00:18:0a:04:4b:1c,00:18:0a:15:65:c0,17.0
00:18:0a:04:4b:1c,00:18:0a:15:67:60,490.0
00:18:0a:04:4b:1c,00:18:0a:15:67:c0,239.0
00:18:0a:04:4b:1c,00:18:0a:15:90:f0,39.0
00:18:0a:04:4b:1c,00:18:0a:15:98:e0,40614.0
00:18:0a:04:4b:1c,00:18:0a:15:aa:30,39209.0
00:18:0a:04:4b:1c,00:18:0a:15:b2:40,117.0
00:18:0a:04:4b:1c,00:18:0a:15:b9:30,2236.0
00:18:0a:04:4b:1c,00:18:0a:15:ba:f0,488.0
00:18:0a:04:4b:1c,00:18:0a:15:bb:a0,548.0
00:18:0a:04:4b:1c,00:18:0a:15:d6:10,60439.0
00:18:0a:04:4b:1c,00:18:0a:15:d7:20,234.0
00:18:0a:04:4b:1c,00:18:0a:15:da:d0,100.0
00:18:0a:04:4b:1c,00:18:0a:15:dc:00,1044.0
00:18:0a:04:4b:1c,00:18:0a:15:e6:c0,389.0
00:18:0a:04:4b:1c,00:18:0a:21:8a:5a,3.0
00:18:0a:04:4b:1c,00:18:0a:21:8d:14,3.0
00:18:0a:04:4b:1c,00:18:0a:21:ba:b7,3.0
00:18:0a:04:4b:1c,00:18:0a:21:e2:44,5.0
00:18:0a:04:4b:1c,00:18:0a:21:e5:19,11.0
00:18:0a:04:4b:1c,00:18:0a:21:e5:2b,2.0
00:18:0a:04:4b:1c,00:18:0a:22:56:86,2.0
00:18:0a:04:4b:1c,00:18:0a:22:56:92,1.0
00:18:0a:04:4b:1c,00:18:0a:27:c5:1a,19774.0
00:18:0a:04:4b:1c,00:18:0a:27:cf:e2,873.0
00:18:0a:04:4b:1c,00:18:0a:32:90:b4,1.0
00:18:0a:04:4b:1c,00:18:0a:33:2e:f2,1.0
00:18:0a:04:4b:1c,00:18:0a:a1:9f:60,18085.0
00:18:0a:04:4b:1c,00:18:0a:a5:32:b0,60.0
00:18:0a:04:4b:1c,00:18:0a:a5:4a:00,60.0
00:18:0a:04:4b:1c,00:18:0a:a5:4d:b0,132.0
00:18:0a:04:4b:1c,00:18:0a:a5:66:b0,47.0
00:18:0a:04:4b:1c,00:18:0a:a5:a8:b0,165.0
00:18:0a:04:5d:42,00:18:0a:04:5d:42,47924.0
00:18:0a:04:5d:42,00:18:0a:04:5d:52,3238.0
00:18:0a:04:5d:42,00:18:0a:04:5d:78,74057.0
00:18:0a:04:5d:42,00:18:0a:04:5d:94,36522.0
00:18:0a:04:5d:42,00:18:0a:04:5d:96,10711.0
00:18:0a:04:5d:42,00:18:0a:04:5d:a4,2203.0
00:18:0a:04:5d:42,00:18:0a:04:6d:c4,488.0
00:18:0a:04:5d:42,00:18:0a:13:1e:e0,336.0
00:18:0a:04:5d:42,00:18:0a:13:b2:50,70.0
00:18:0a:04:5d:42,00:18:0a:13:b6:90,44.0
00:18:0a:04:5d:42,00:18:0a:13:bd:60,94.0
00:18:0a:04:5d:42,00:18:0a:14:de:f0,91.0
00:18:0a:04:5d:42,00:18:0a:14:e2:b0,11.0
00:18:0a:04:5d:42,00:18:0a:14:f4:c0,44.0
00:18:0a:04:5d:42,00:18:0a:14:f8:e0,126.0
00:18:0a:04:5d:42,00:18:0a:14:f9:d0,124.0
00:18:0a:04:5d:42,00:18:0a:14:fc:50,145.0
00:18:0a:04:5d:42,00:18:0a:15:0d:70,301.0
00:18:0a:04:5d:42,00:18:0a:15:22:20,305.0
00:18:0a:04:5d:42,00:18:0a:15:22:40,20.0
00:18:0a:04:5d:42,00:18:0a:15:25:90,828.0
00:18:0a:04:5d:42,00:18:0a:15:25:b0,177.0
00:18:0a:04:5d:42,00:18:0a:15:28:30,26.0
00:18:0a:04:5d:42,00:18:0a:15:2e:b0,145.0
00:18:0a:04:5d:42,00:18:0a:15:3c:50,894.0
00:18:0a:04:5d:42,00:18:0a:15:47:c0,28.0
00:18:0a:04:5d:42,00:18:0a:15:58:b0,90.0
00:18:0a:04:5d:42,00:18:0a:15:5f:b0,10171.0
00:18:0a:04:5d:42,00:18:0a:15:65:90,150.0
00:18:0a:04:5d:42,00:18:0a:15:65:c0,1.0
00:18:0a:04:5d:42,00:18:0a:15:67:60,93.0
00:18:0a:04:5d:42,00:18:0a:15:67:c0,20.0
00:18:0a:04:5d:42,00:18:0a:15:90:f0,53.0
00:18:0a:04:5d:42,00:18:0a:15:98:e0,7804.0
00:18:0a:04:5d:42,00:18:0a:15:aa:30,9485.0
00:18:0a:04:5d:42,00:18:0a:15:b2:40,12.0
00:18:0a:04:5d:42,00:18:0a:15:b9:30,1464.0
00:18:0a:04:5d:42,00:18:0a:15:ba:f0,86.0
00:18:0a:04:5d:42,00:18:0a:15:bb:a0,108.0
00:18:0a:04:5d:42,00:18:0a:15:d6:10,24267.0
00:18:0a:04:5d:42,00:18:0a:15:d7:20,69.0
00:18:0a:04:5d:42,00:18:0a:15:da:d0,93.0
00:18:0a:04:5d:42,00:18:0a:15:dc:00,846.0
00:18:0a:04:5d:42,00:18:0a:15:e6:c0,304.0
00:18:0a:04:5d:42,00:18:0a:21:8d:14,2.0
00:18:0a:04:5d:42,00:18:0a:21:ba:b7,2.0
00:18:0a:04:5d:42,00:18:0a:21:e2:44,8.0
00:18:0a:04:5d:42,00:18:0a:21:e5:19,1.0
00:18:0a:04:5d:42,00:18:0a:21:e5:26,1.0
00:18:0a:04:5d:42,00:18:0a:21:e5:2b,4.0
00:18:0a:04:5d:42,00:18:0a:22:56:86,1.0
00:18:0a:04:5d:42,00:18:0a:27:c5:1a,3377.0
00:18:0a:04:5d:42,00:18:0a:27:cf:e2,511.0
00:18:0a:04:5d:42,00:18:0a:32:90:b4,2.0
00:18:0a:04:5d:42,00:18:0a:a1:9f:60,42566.0
00:18:0a:04:5d:42,00:18:0a:a5:32:b0,7.0
00:18:0a:04:5d:42,00:18:0a:a5:4a:00,8.0
00:18:0a:04:5d:42,00:18:0a:a5:4d:b0,24.0
00:18:0a:04:5d:42,00:18:0a:a5:66:b0,9.0
00:18:0a:04:5d:42,00:18:0a:a5:a8:b0,32.0
00:18:0a:04:5d:52,00:18:0a:04:5d:52,354447.0
00:18:0a:04:5d:52,00:18:0a:04:5d:78,3810.0
00:18:0a:04:5d:52,00:18:0a:04:5d:94,19917.0
00:18:0a:04:5d:52,00:18:0a:04:5d:96,99835.0
00:18:0a:04:5d:52,00:18:0a:04:5d:a4,160666.0
00:18:0a:04:5d:52,00:18:0a:04:6d:c4,1268.0
00:18:0a:04:5d:52,00:18:0a:13:1e:e0,325.0
00:18:0a:04:5d:52,00:18:0a:13:b2:50,764.0
00:18:0a:04:5d:52,00:18:0a:13:b6:90,570.0
00:18:0a:04:5d:52,00:18:0a:13:bd:60,665.0
00:18:0a:04:5d:52,00:18:0a:14:de:f0,594.0
00:18:0a:04:5d:52,00:18:0a:14:e2:b0,130.0
00:18:0a:04:5d:52,00:18:0a:14:f4:c0,140.0
00:18:0a:04:5d:52,00:18:0a:14:f8:e0,666.0
00:18:0a:04:5d:52,00:18:0a:14:f9:d0,215.0
00:18:0a:04:5d:52,00:18:0a:14:fc:50,1058.0
00:18:0a:04:5d:52,00:18:0a:15:0d:70,1969.0
00:18:0a:04:5d:52,00:18:0a:15:22:20,1888.0
00:18:0a:04:5d:52,00:18:0a:15:22:40,131.0
00:18:0a:04:5d:52,00:18:0a:15:25:90,2205.0
00:18:0a:04:5d:52,00:18:0a:15:25:b0,1800.0
00:18:0a:04:5d:52,00:18:0a:15:28:30,126.0
00:18:0a:04:5d:52,00:18:0a:15:2e:b0,1746.0
00:18:0a:04:5d:52,00:18:0a:15:3c:50,932.0
00:18:0a:04:5d:52,00:18:0a:15:47:c0,2161.0
00:18:0a:04:5d:52,00:18:0a:15:58:b0,3097.0
00:18:0a:04:5d:52,00:18:0a:15:5f:b0,2903.0
00:18:0a:04:5d:52,00:18:0a:15:65:90,1466.0
00:18:0a:04:5d:52,00:18:0a:15:65:c0,55.0
00:18:0a:04:5d:52,00:18:0a:15:67:60,1295.0
00:18:0a:04:5d:52,00:18:0a:15:67:c0,71.0
00:18:0a:04:5d:52,00:18:0a:15:90:f0,107.0
00:18:0a:04:5d:52,00:18:0a:15:98:e0,4589.0
00:18:0a:04:5d:52,00:18:0a:15:aa:30,1950.0
00:18:0a:04:5d:52,00:18:0a:15:b2:40,48.0
00:18:0a:04:5d:52,00:18:0a:15:b9:30,1389.0
00:18:0a:04:5d:52,00:18:0a:15:ba:f0,294.0
00:18:0a:04:5d:52,00:18:0a:15:bb:a0,503.0
00:18:0a:04:5d:52,00:18:0a:15:d6:10,2377.0
00:18:0a:04:5d:52,00:18:0a:15:d7:20,332.0
00:18:0a:04:5d:52,00:18:0a:15:da:d0,222.0
00:18:0a:04:5d:52,00:18:0a:15:dc:00,5786.0
00:18:0a:04:5d:52,00:18:0a:15:e6:c0,313.0
00:18:0a:04:5d:52,00:18:0a:21:8a:5a,2.0
00:18:0a:04:5d:52,00:18:0a:21:8d:14,3.0
00:18:0a:04:5d:52,00:18:0a:21:ba:b7,1.0
00:18:0a:04:5d:52,00:18:0a:21:e2:44,3.0
00:18:0a:04:5d:52,00:18:0a:21:e5:19,2.0
00:18:0a:04:5d:52,00:18:0a:21:e5:2b,1.0
00:18:0a:04:5d:52,00:18:0a:22:56:86,1.0
00:18:0a:04:5d:52,00:18:0a:22:56:92,1.0
00:18:0a:04:5d:52,00:18:0a:27:c5:1a,433.0
00:18:0a:04:5d:52,00:18:0a:27:cf:e2,958.0
00:18:0a:04:5d:52,00:18:0a:32:90:b4,2.0
00:18:0a:04:5d:52,00:18:0a:32:d9:02,1.0
00:18:0a:04:5d:52,00:18:0a:a1:9f:60,3214.0
00:18:0a:04:5d:52,00:18:0a:a5:32:b0,102.0
00:18:0a:04:5d:52,00:18:0a:a5:4a:00,142.0
00:18:0a:04:5d:52,00:18:0a:a5:4d:b0,227.0
00:18:0a:04:5d:52,00:18:0a:a5:66:b0,117.0
00:18:0a:04:5d:52,00:18:0a:a5:a8:b0,374.0
00:18:0a:04:5d:78,00:18:0a:04:5d:78,42573.0
00:18:0a:04:5d:78,00:18:0a:04:5d:94,94238.0
00:18:0a:04:5d:78,00:18:0a:04:5d:96,18842.0
00:18:0a:04:5d:78,00:18:0a:04:5d:a4,7020.0
00:18:0a:04:5d:78,00:18:0a:04:6d:c4,672.0
00:18:0a:04:5d:78,00:18:0a:13:1e:e0,774.0
00:18:0a:04:5d:78,00:18:0a:13:b2:50,7.0
00:18:0a:04:5d:78,00:18:0a:13:b6:90,68.0
00:18:0a:04:5d:78,00:18:0a:13:bd:60,89.0
00:18:0a:04:5d:78,00:18:0a:14:de:f0,130.0
00:18:0a:04:5d:78,00:18:0a:14:e2:b0,26.0
00:18:0a:04:5d:78,00:18:0a:14:f4:c0,48.0
00:18:0a:04:5d:78,00:18:0a:14:f8:e0,216.0
00:18:0a:04:5d:78,00:18:0a:14:f9:d0,271.0
00:18:0a:04:5d:78,00:18:0a:14:fc:50,366.0
00:18:0a:04:5d:78,00:18:0a:15:0d:70,508.0
00:18:0a:04:5d:78,00:18:0a:15:22:20,437.0
00:18:0a:04:5d:78,00:18:0a:15:22:40,36.0
00:18:0a:04:5d:78,00:18:0a:15:25:90,431.0
00:18:0a:04:5d:78,00:18:0a:15:25:b0,341.0
00:18:0a:04:5d:78,00:18:0a:15:28:30,28.0
00:18:0a:04:5d:78,00:18:0a:15:2e:b0,209.0
00:18:0a:04:5d:78,00:18:0a:15:3c:50,652.0
00:18:0a:04:5d:78,00:18:0a:15:47:c0,42.0
00:18:0a:04:5d:78,00:18:0a:15:58:b0,197.0
00:18:0a:04:5d:78,00:18:0a:15:5f:b0,6533.0
00:18:0a:04:5d:78,00:18:0a:15:65:90,298.0
00:18:0a:04:5d:78,00:18:0a:15:65:c0,6.0
00:18:0a:04:5d:78,00:18:0a:15:67:60,126.0
00:18:0a:04:5d:78,00:18:0a:15:67:c0,34.0
00:18:0a:04:5d:78,00:18:0a:15:90:f0,112.0
00:18:0a:04:5d:78,00:18:0a:15:98:e0,6061.0
00:18:0a:04:5d:78,00:18:0a:15:aa:30,6434.0
00:18:0a:04:5d:78,00:18:0a:15:b2:40,27.0
00:18:0a:04:5d:78,00:18:0a:15:b9:30,1339.0
00:18:0a:04:5d:78,00:18:0a:15:ba:f0,117.0
00:18:0a:04:5d:78,00:18:0a:15:bb:a0,187.0
00:18:0a:04:5d:78,00:18:0a:15:d6:10,17493.0
00:18:0a:04:5d:78,00:18:0a:15:d7:20,117.0
00:18:0a:04:5d:78,00:18:0a:15:da:d0,238.0
00:18:0a:04:5d:78,00:18:0a:15:dc:00,1368.0
00:18:0a:04:5d:78,00:18:0a:15:e6:c0,503.0
00:18:0a:04:5d:78,00:18:0a:21:8d:14,2.0
00:18:0a:04:5d:78,00:18:0a:21:ba:b7,2.0
00:18:0a:04:5d:78,00:18:0a:21:e2:44,3.0
00:18:0a:04:5d:78,00:18:0a:21:e5:19,1.0
00:18:0a:04:5d:78,00:18:0a:21:e5:2b,5.0
00:18:0a:04:5d:78,00:18:0a:22:56:86,1.0
00:18:0a:04:5d:78,00:18:0a:27:c5:1a,1549.0
00:18:0a:04:5d:78,00:18:0a:27:cf:e2,721.0
00:18:0a:04:5d:78,00:18:0a:32:90:b4,2.0
00:18:0a:04:5d:78,00:18:0a:a1:9f:60,75518.0
00:18:0a:04:5d:78,00:18:0a:a5:32:b0,18.0
00:18:0a:04:5d:78,00:18:0a:a5:4a:00,17.0
00:18:0a:04:5d:78,00:18:0a:a5:4d:b0,42.0
00:18:0a:04:5d:78,00:18:0a:a5:66:b0,12.0
00:18:0a:04:5d:78,00:18:0a:a5:a8:b0,41.0
00:18:0a:04:5d:94,00:18:0a:04:5d:94,46502.0
00:18:0a:04:5d:94,00:18:0a:04:5d:96,78432.0
00:18:0a:04:5d:94,00:18:0a:04:5d:a4,16403.0
00:18:0a:04:5d:94,00:18:0a:04:6d:c4,1231.0
00:18:0a:04:5d:94,00:18:0a:13:1e:e0,1855.0
00:18:0a:04:5d:94,00:18:0a:13:b2:50,14.0
00:18:0a:04:5d:94,00:18:0a:13:b6:90,90.0
00:18:0a:04:5d:94,00:18:0a:13:bd:60,150.0
00:18:0a:04:5d:94,00:18:0a:14:de:f0,324.0
00:18:0a:04:5d:94,00:18:0a:14:e2:b0,63.0
00:18:0a:04:5d:94,00:18:0a:14:f4:c0,111.0
00:18:0a:04:5d:94,00:18:0a:14:f8:e0,410.0
00:18:0a:04:5d:94,00:18:0a:14:f9:d0,457.0
00:18:0a:04:5d:94,00:18:0a:14:fc:50,965.0
00:18:0a:04:5d:94,00:18:0a:15:0d:70,970.0
00:18:0a:04:5d:94,00:18:0a:15:22:20,910.0
00:18:0a:04:5d:94,00:18:0a:15:22:40,84.0
00:18:0a:04:5d:94,00:18:0a:15:25:90,625.0
00:18:0a:04:5d:94,00:18:0a:15:25:b0,627.0
00:18:0a:04:5d:94,00:18:0a:15:28:30,71.0
00:18:0a:04:5d:94,00:18:0a:15:2e:b0,464.0
00:18:0a:04:5d:94,00:18:0a:15:3c:50,608.0
00:18:0a:04:5d:94,00:18:0a:15:47:c0,79.0
00:18:0a:04:5d:94,00:18:0a:15:58:b0,638.0
00:18:0a:04:5d:94,00:18:0a:15:5f:b0,3466.0
00:18:0a:04:5d:94,00:18:0a:15:65:90,606.0
00:18:0a:04:5d:94,00:18:0a:15:65:c0,5.0
00:18:0a:04:5d:94,00:18:0a:15:67:60,269.0
00:18:0a:04:5d:94,00:18:0a:15:67:c0,73.0
00:18:0a:04:5d:94,00:18:0a:15:90:f0,335.0
00:18:0a:04:5d:94,00:18:0a:15:98:e0,6998.0
00:18:0a:04:5d:94,00:18:0a:15:aa:30,4277.0
00:18:0a:04:5d:94,00:18:0a:15:b2:40,48.0
00:18:0a:04:5d:94,00:18:0a:15:b9:30,5156.0
00:18:0a:04:5d:94,00:18:0a:15:ba:f0,254.0
00:18:0a:04:5d:94,00:18:0a:15:bb:a0,365.0
00:18:0a:04:5d:94,00:18:0a:15:d6:10,7898.0
00:18:0a:04:5d:94,00:18:0a:15:d7:20,170.0
00:18:0a:04:5d:94,00:18:0a:15:da:d0,509.0
00:18:0a:04:5d:94,00:18:0a:15:dc:00,2433.0
00:18:0a:04:5d:94,00:18:0a:15:e6:c0,799.0
00:18:0a:04:5d:94,00:18:0a:21:8a:5a,3.0
00:18:0a:04:5d:94,00:18:0a:21:8d:14,10.0
00:18:0a:04:5d:94,00:18:0a:21:ba:b7,4.0
00:18:0a:04:5d:94,00:18:0a:21:e2:44,8.0
00:18:0a:04:5d:94,00:18:0a:21:e5:19,4.0
00:18:0a:04:5d:94,00:18:0a:21:e5:2b,5.0
00:18:0a:04:5d:94,00:18:0a:22:56:86,4.0
00:18:0a:04:5d:94,00:18:0a:22:56:92,2.0
00:18:0a:04:5d:94,00:18:0a:27:c5:1a,625.0
00:18:0a:04:5d:94,00:18:0a:27:cf:e2,1236.0
00:18:0a:04:5d:94,00:18:0a:a1:9f:60,7335.0
00:18:0a:04:5d:94,00:18:0a:a5:32:b0,27.0
00:18:0a:04:5d:94,00:18:0a:a5:4a:00,41.0
00:18:0a:04:5d:94,00:18:0a:a5:4d:b0,108.0
00:18:0a:04:5d:94,00:18:0a:a5:66:b0,35.0
00:18:0a:04:5d:94,00:18:0a:a5:a8:b0,118.0
00:18:0a:04:5d:96,00:18:0a:04:5d:96,89042.0
00:18:0a:04:5d:96,00:18:0a:04:5d:a4,63227.0
00:18:0a:04:5d:96,00:18:0a:04:6d:c4,2264.0
00:18:0a:04:5d:96,00:18:0a:13:1e:e0,473.0
00:18:0a:04:5d:96,00:18:0a:13:b2:50,198.0
00:18:0a:04:5d:96,00:18:0a:13:b6:90,136.0
00:18:0a:04:5d:96,00:18:0a:13:bd:60,258.0
00:18:0a:04:5d:96,00:18:0a:14:de:f0,702.0
00:18:0a:04:5d:96,00:18:0a:14:e2:b0,214.0
00:18:0a:04:5d:96,00:18:0a:14:f4:c0,481.0
00:18:0a:04:5d:96,00:18:0a:14:f8:e0,1644.0
00:18:0a:04:5d:96,00:18:0a:14:f9:d0,371.0
00:18:0a:04:5d:96,00:18:0a:14:fc:50,176.0
00:18:0a:04:5d:96,00:18:0a:15:0d:70,2408.0
00:18:0a:04:5d:96,00:18:0a:15:22:20,2892.0
00:18:0a:04:5d:96,00:18:0a:15:22:40,309.0
00:18:0a:04:5d:96,00:18:0a:15:25:90,2237.0
00:18:0a:04:5d:96,00:18:0a:15:25:b0,2176.0
00:18:0a:04:5d:96,00:18:0a:15:28:30,328.0
00:18:0a:04:5d:96,00:18:0a:15:2e:b0,1122.0
00:18:0a:04:5d:96,00:18:0a:15:3c:50,1462.0
00:18:0a:04:5d:96,00:18:0a:15:47:c0,206.0
00:18:0a:04:5d:96,00:18:0a:15:58:b0,2333.0
00:18:0a:04:5d:96,00:18:0a:15:5f:b0,19639.0
00:18:0a:04:5d:96,00:18:0a:15:65:90,1456.0
00:18:0a:04:5d:96,00:18:0a:15:65:c0,34.0
00:18:0a:04:5d:96,00:18:0a:15:67:60,755.0
00:18:0a:04:5d:96,00:18:0a:15:67:c0,434.0
00:18:0a:04:5d:96,00:18:0a:15:90:f0,70.0
00:18:0a:04:5d:96,00:18:0a:15:98:e0,41550.0
00:18:0a:04:5d:96,00:18:0a:15:aa:30,24105.0
00:18:0a:04:5d:96,00:18:0a:15:b2:40,143.0
00:18:0a:04:5d:96,00:18:0a:15:b9:30,5739.0
00:18:0a:04:5d:96,00:18:0a:15:ba:f0,1020.0
00:18:0a:04:5d:96,00:18:0a:15:bb:a0,1299.0
00:18:0a:04:5d:96,00:18:0a:15:d6:10,21570.0
00:18:0a:04:5d:96,00:18:0a:15:d7:20,449.0
00:18:0a:04:5d:96,00:18:0a:15:da:d0,184.0
00:18:0a:04:5d:96,00:18:0a:15:dc:00,2408.0
00:18:0a:04:5d:96,00:18:0a:15:e6:c0,702.0
00:18:0a:04:5d:96,00:18:0a:21:8a:5a,2.0
00:18:0a:04:5d:96,00:18:0a:21:8d:14,6.0
00:18:0a:04:5d:96,00:18:0a:21:ba:b7,6.0
00:18:0a:04:5d:96,00:18:0a:21:e2:44,4.0
00:18:0a:04:5d:96,00:18:0a:21:e5:19,7.0
00:18:0a:04:5d:96,00:18:0a:21:e5:26,2.0
00:18:0a:04:5d:96,00:18:0a:21:e5:2b,6.0
00:18:0a:04:5d:96,00:18:0a:22:56:86,2.0
00:18:0a:04:5d:96,00:18:0a:22:56:92,3.0
00:18:0a:04:5d:96,00:18:0a:27:c5:1a,5855.0
00:18:0a:04:5d:96,00:18:0a:27:cf:e2,1633.0
00:18:0a:04:5d:96,00:18:0a:32:90:b4,3.0
00:18:0a:04:5d:96,00:18:0a:33:2e:f2,1.0
00:18:0a:04:5d:96,00:18:0a:a1:9f:60,7741.0
00:18:0a:04:5d:96,00:18:0a:a5:32:b0,107.0
00:18:0a:04:5d:96,00:18:0a:a5:4a:00,92.0
00:18:0a:04:5d:96,00:18:0a:a5:4d:b0,326.0
00:18:0a:04:5d:96,00:18:0a:a5:66:b0,106.0
00:18:0a:04:5d:96,00:18:0a:a5:a8:b0,376.0
00:18:0a:04:5d:a4,00:18:0a:04:5d:a4,305653.0
00:18:0a:04:5d:a4,00:18:0a:04:6d:c4,5741.0
00:18:0a:04:5d:a4,00:18:0a:13:1e:e0,573.0
00:18:0a:04:5d:a4,00:18:0a:13:b2:50,102.0
00:18:0a:04:5d:a4,00:18:0a:13:b6:90,253.0
00:18:0a:04:5d:a4,00:18:0a:13:bd:60,417.0
00:18:0a:04:5d:a4,00:18:0a:14:de:f0,3709.0
00:18:0a:04:5d:a4,00:18:0a:14:e2:b0,1293.0
00:18:0a:04:5d:a4,00:18:0a:14:f4:c0,1200.0
00:18:0a:04:5d:a4,00:18:0a:14:f8:e0,4411.0
00:18:0a:04:5d:a4,00:18:0a:14:f9:d0,1163.0
00:18:0a:04:5d:a4,00:18:0a:14:fc:50,313.0
00:18:0a:04:5d:a4,00:18:0a:15:0d:70,14715.0
00:18:0a:04:5d:a4,00:18:0a:15:22:20,7695.0
00:18:0a:04:5d:a4,00:18:0a:15:22:40,1103.0
00:18:0a:04:5d:a4,00:18:0a:15:25:90,9783.0
00:18:0a:04:5d:a4,00:18:0a:15:25:b0,6227.0
00:18:0a:04:5d:a4,00:18:0a:15:28:30,870.0
00:18:0a:04:5d:a4,00:18:0a:15:2e:b0,5767.0
00:18:0a:04:5d:a4,00:18:0a:15:3c:50,7207.0
00:18:0a:04:5d:a4,00:18:0a:15:47:c0,212.0
00:18:0a:04:5d:a4,00:18:0a:15:58:b0,7639.0
00:18:0a:04:5d:a4,00:18:0a:15:5f:b0,4960.0
00:18:0a:04:5d:a4,00:18:0a:15:65:90,9794.0
00:18:0a:04:5d:a4,00:18:0a:15:65:c0,105.0
00:18:0a:04:5d:a4,00:18:0a:15:67:60,3247.0
00:18:0a:04:5d:a4,00:18:0a:15:67:c0,770.0
00:18:0a:04:5d:a4,00:18:0a:15:90:f0,172.0
00:18:0a:04:5d:a4,00:18:0a:15:98:e0,9891.0
00:18:0a:04:5d:a4,00:18:0a:15:aa:30,5584.0
00:18:0a:04:5d:a4,00:18:0a:15:b2:40,442.0
00:18:0a:04:5d:a4,00:18:0a:15:b9:30,1491.0
00:18:0a:04:5d:a4,00:18:0a:15:ba:f0,2111.0
00:18:0a:04:5d:a4,00:18:0a:15:bb:a0,2928.0
00:18:0a:04:5d:a4,00:18:0a:15:d6:10,5921.0
00:18:0a:04:5d:a4,00:18:0a:15:d7:20,1942.0
00:18:0a:04:5d:a4,00:18:0a:15:da:d0,451.0
00:18:0a:04:5d:a4,00:18:0a:15:dc:00,3792.0
00:18:0a:04:5d:a4,00:18:0a:15:e6:c0,1631.0
00:18:0a:04:5d:a4,00:18:0a:21:8a:5a,10.0
00:18:0a:04:5d:a4,00:18:0a:21:8d:14,19.0
00:18:0a:04:5d:a4,00:18:0a:21:ba:b7,12.0
00:18:0a:04:5d:a4,00:18:0a:21:e2:44,33.0
00:18:0a:04:5d:a4,00:18:0a:21:e5:19,12.0
00:18:0a:04:5d:a4,00:18:0a:21:e5:26,2.0
00:18:0a:04:5d:a4,00:18:0a:21:e5:2b,11.0
00:18:0a:04:5d:a4,00:18:0a:22:56:86,8.0
00:18:0a:04:5d:a4,00:18:0a:22:56:92,11.0
00:18:0a:04:5d:a4,00:18:0a:27:c5:1a,1115.0
00:18:0a:04:5d:a4,00:18:0a:27:cf:e2,3857.0
00:18:0a:04:5d:a4,00:18:0a:32:90:b4,5.0
00:18:0a:04:5d:a4,00:18:0a:32:d9:02,2.0
00:18:0a:04:5d:a4,00:18:0a:a1:9f:60,618.0
00:18:0a:04:5d:a4,00:18:0a:a5:32:b0,734.0
00:18:0a:04:5d:a4,00:18:0a:a5:4a:00,976.0
00:18:0a:04:5d:a4,00:18:0a:a5:4d:b0,1840.0
00:18:0a:04:5d:a4,00:18:0a:a5:66:b0,848.0
00:18:0a:04:5d:a4,00:18:0a:a5:a8:b0,2674.0
00:18:0a:04:6d:c4,00:18:0a:04:6d:c4,125328.0
00:18:0a:04:6d:c4,00:18:0a:13:1e:e0,119.0
00:18:0a:04:6d:c4,00:18:0a:13:b2:50,86274.0
00:18:0a:04:6d:c4,00:18:0a:13:b6:90,27507.0
00:18:0a:04:6d:c4,00:18:0a:13:bd:60,32335.0
00:18:0a:04:6d:c4,00:18:0a:14:de:f0,1158.0
00:18:0a:04:6d:c4,00:18:0a:14:e2:b0,197.0
00:18:0a:04:6d:c4,00:18:0a:14:f4:c0,871.0
00:18:0a:04:6d:c4,00:18:0a:14:f8:e0,2195.0
00:18:0a:04:6d:c4,00:18:0a:14:f9:d0,197.0
00:18:0a:04:6d:c4,00:18:0a:14:fc:50,34.0
00:18:0a:04:6d:c4,00:18:0a:15:0d:70,3805.0
00:18:0a:04:6d:c4,00:18:0a:15:22:20,5957.0
00:18:0a:04:6d:c4,00:18:0a:15:22:40,315.0
00:18:0a:04:6d:c4,00:18:0a:15:25:90,2360.0
00:18:0a:04:6d:c4,00:18:0a:15:25:b0,2881.0
00:18:0a:04:6d:c4,00:18:0a:15:28:30,470.0
00:18:0a:04:6d:c4,00:18:0a:15:2e:b0,1850.0
00:18:0a:04:6d:c4,00:18:0a:15:3c:50,1371.0
00:18:0a:04:6d:c4,00:18:0a:15:47:c0,46434.0
00:18:0a:04:6d:c4,00:18:0a:15:58:b0,109.0
00:18:0a:04:6d:c4,00:18:0a:15:5f:b0,1143.0
00:18:0a:04:6d:c4,00:18:0a:15:65:90,2122.0
00:18:0a:04:6d:c4,00:18:0a:15:65:c0,40.0
00:18:0a:04:6d:c4,00:18:0a:15:67:60,580.0
00:18:0a:04:6d:c4,00:18:0a:15:67:c0,459.0
00:18:0a:04:6d:c4,00:18:0a:15:90:f0,17.0
00:18:0a:04:6d:c4,00:18:0a:15:98:e0,1398.0
00:18:0a:04:6d:c4,00:18:0a:15:aa:30,876.0
00:18:0a:04:6d:c4,00:18:0a:15:b2:40,91.0
00:18:0a:04:6d:c4,00:18:0a:15:b9:30,160.0
00:18:0a:04:6d:c4,00:18:0a:15:ba:f0,1446.0
00:18:0a:04:6d:c4,00:18:0a:15:bb:a0,1718.0
00:18:0a:04:6d:c4,00:18:0a:15:d6:10,1226.0
00:18:0a:04:6d:c4,00:18:0a:15:d7:20,536.0
00:18:0a:04:6d:c4,00:18:0a:15:da:d0,52.0
00:18:0a:04:6d:c4,00:18:0a:15:dc:00,1529.0
00:18:0a:04:6d:c4,00:18:0a:15:e6:c0,422.0
00:18:0a:04:6d:c4,00:18:0a:21:8a:5a,2.0
00:18:0a:04:6d:c4,00:18:0a:21:8d:14,10.0
00:18:0a:04:6d:c4,00:18:0a:21:ba:b7,4.0
00:18:0a:04:6d:c4,00:18:0a:21:e2:44,12.0
00:18:0a:04:6d:c4,00:18:0a:21:e5:19,6.0
00:18:0a:04:6d:c4,00:18:0a:21:e5:26,2.0
00:18:0a:04:6d:c4,00:18:0a:21:e5:2b,10.0
00:18:0a:04:6d:c4,00:18:0a:22:56:86,1.0
00:18:0a:04:6d:c4,00:18:0a:22:56:92,1.0
00:18:0a:04:6d:c4,00:18:0a:27:c5:1a,111.0
00:18:0a:04:6d:c4,00:18:0a:27:cf:e2,42108.0
00:18:0a:04:6d:c4,00:18:0a:32:90:b4,5.0
00:18:0a:04:6d:c4,00:18:0a:a1:9f:60,98.0
00:18:0a:04:6d:c4,00:18:0a:a5:32:b0,131.0
00:18:0a:04:6d:c4,00:18:0a:a5:4a:00,119.0
00:18:0a:04:6d:c4,00:18:0a:a5:4d:b0,422.0
00:18:0a:04:6d:c4,00:18:0a:a5:66:b0,114.0
00:18:0a:04:6d:c4,00:18:0a:a5:a8:b0,536.0
00:18:0a:13:1e:e0,00:18:0a:13:1e:e0,41709.0
00:18:0a:13:1e:e0,00:18:0a:13:b2:50,1.0
00:18:0a:13:1e:e0,00:18:0a:13:b6:90,17.0
00:18:0a:13:1e:e0,00:18:0a:13:bd:60,23.0
00:18:0a:13:1e:e0,00:18:0a:14:de:f0,308.0
00:18:0a:13:1e:e0,00:18:0a:14:e2:b0,18.0
00:18:0a:13:1e:e0,00:18:0a:14:f4:c0,1810.0
00:18:0a:13:1e:e0,00:18:0a:14:f8:e0,52.0
00:18:0a:13:1e:e0,00:18:0a:14:f9:d0,1301.0
00:18:0a:13:1e:e0,00:18:0a:14:fc:50,23984.0
00:18:0a:13:1e:e0,00:18:0a:15:0d:70,264.0
00:18:0a:13:1e:e0,00:18:0a:15:22:20,120.0
00:18:0a:13:1e:e0,00:18:0a:15:22:40,580.0
00:18:0a:13:1e:e0,00:18:0a:15:25:90,389.0
00:18:0a:13:1e:e0,00:18:0a:15:25:b0,551.0
00:18:0a:13:1e:e0,00:18:0a:15:28:30,49.0
00:18:0a:13:1e:e0,00:18:0a:15:2e:b0,7013.0
00:18:0a:13:1e:e0,00:18:0a:15:3c:50,144.0
00:18:0a:13:1e:e0,00:18:0a:15:47:c0,182.0
00:18:0a:13:1e:e0,00:18:0a:15:58:b0,60.0
00:18:0a:13:1e:e0,00:18:0a:15:5f:b0,292.0
00:18:0a:13:1e:e0,00:18:0a:15:65:90,654.0
00:18:0a:13:1e:e0,00:18:0a:15:65:c0,47.0
00:18:0a:13:1e:e0,00:18:0a:15:67:60,423.0
00:18:0a:13:1e:e0,00:18:0a:15:67:c0,15.0
00:18:0a:13:1e:e0,00:18:0a:15:90:f0,11318.0
00:18:0a:13:1e:e0,00:18:0a:15:98:e0,249.0
00:18:0a:13:1e:e0,00:18:0a:15:aa:30,96.0
00:18:0a:13:1e:e0,00:18:0a:15:b2:40,3.0
00:18:0a:13:1e:e0,00:18:0a:15:b9:30,4126.0
00:18:0a:13:1e:e0,00:18:0a:15:ba:f0,518.0
00:18:0a:13:1e:e0,00:18:0a:15:bb:a0,51.0
00:18:0a:13:1e:e0,00:18:0a:15:d6:10,250.0
00:18:0a:13:1e:e0,00:18:0a:15:d7:20,13.0
00:18:0a:13:1e:e0,00:18:0a:15:da:d0,3527.0
00:18:0a:13:1e:e0,00:18:0a:15:dc:00,2406.0
00:18:0a:13:1e:e0,00:18:0a:15:e6:c0,3086.0
00:18:0a:13:1e:e0,00:18:0a:21:ba:b7,1.0
00:18:0a:13:1e:e0,00:18:0a:21:e2:44,1.0
00:18:0a:13:1e:e0,00:18:0a:21:e5:19,3.0
00:18:0a:13:1e:e0,00:18:0a:27:c5:1a,42.0
00:18:0a:13:1e:e0,00:18:0a:27:cf:e2,107.0
00:18:0a:13:1e:e0,00:18:0a:a1:9f:60,12.0
00:18:0a:13:1e:e0,00:18:0a:a5:32:b0,1.0
00:18:0a:13:1e:e0,00:18:0a:a5:4d:b0,2.0
00:18:0a:13:1e:e0,00:18:0a:a5:66:b0,3.0
00:18:0a:13:1e:e0,00:18:0a:a5:a8:b0,5.0
00:18:0a:13:b2:50,00:18:0a:13:b2:50,72489.0
00:18:0a:13:b2:50,00:18:0a:13:b6:90,48254.0
00:18:0a:13:b2:50,00:18:0a:13:bd:60,47707.0
00:18:0a:13:b2:50,00:18:0a:14:de:f0,30.0
00:18:0a:13:b2:50,00:18:0a:14:e2:b0,2.0
00:18:0a:13:b2:50,00:18:0a:14:f4:c0,19.0
00:18:0a:13:b2:50,00:18:0a:14:f8:e0,26.0
00:18:0a:13:b2:50,00:18:0a:14:f9:d0,10.0
00:18:0a:13:b2:50,00:18:0a:14:fc:50,2.0
00:18:0a:13:b2:50,00:18:0a:15:0d:70,127.0
00:18:0a:13:b2:50,00:18:0a:15:22:20,83.0
00:18:0a:13:b2:50,00:18:0a:15:22:40,90.0
00:18:0a:13:b2:50,00:18:0a:15:25:90,382.0
00:18:0a:13:b2:50,00:18:0a:15:25:b0,38.0
00:18:0a:13:b2:50,00:18:0a:15:28:30,3.0
00:18:0a:13:b2:50,00:18:0a:15:2e:b0,99.0
00:18:0a:13:b2:50,00:18:0a:15:3c:50,264.0
00:18:0a:13:b2:50,00:18:0a:15:47:c0,62713.0
00:18:0a:13:b2:50,00:18:0a:15:58:b0,7.0
00:18:0a:13:b2:50,00:18:0a:15:5f:b0,152.0
00:18:0a:13:b2:50,00:18:0a:15:65:90,399.0
00:18:0a:13:b2:50,00:18:0a:15:65:c0,1.0
00:18:0a:13:b2:50,00:18:0a:15:67:60,6.0
00:18:0a:13:b2:50,00:18:0a:15:67:c0,3.0
00:18:0a:13:b2:50,00:18:0a:15:98:e0,13.0
00:18:0a:13:b2:50,00:18:0a:15:aa:30,13.0
00:18:0a:13:b2:50,00:18:0a:15:b2:40,1.0
00:18:0a:13:b2:50,00:18:0a:15:b9:30,1.0
00:18:0a:13:b2:50,00:18:0a:15:ba:f0,20.0
00:18:0a:13:b2:50,00:18:0a:15:bb:a0,36.0
00:18:0a:13:b2:50,00:18:0a:15:d6:10,17.0
00:18:0a:13:b2:50,00:18:0a:15:d7:20,12.0
00:18:0a:13:b2:50,00:18:0a:15:da:d0,1.0
00:18:0a:13:b2:50,00:18:0a:15:dc:00,18.0
00:18:0a:13:b2:50,00:18:0a:15:e6:c0,6.0
00:18:0a:13:b2:50,00:18:0a:27:c5:1a,2.0
00:18:0a:13:b2:50,00:18:0a:27:cf:e2,9368.0
00:18:0a:13:b2:50,00:18:0a:33:2e:f2,1.0
00:18:0a:13:b2:50,00:18:0a:a1:9f:60,166.0
00:18:0a:13:b2:50,00:18:0a:a5:4d:b0,4.0
00:18:0a:13:b2:50,00:18:0a:a5:66:b0,4.0
00:18:0a:13:b2:50,00:18:0a:a5:a8:b0,2.0
00:18:0a:13:b6:90,00:18:0a:13:b6:90,16180.0
00:18:0a:13:b6:90,00:18:0a:13:bd:60,67256.0
00:18:0a:13:b6:90,00:18:0a:14:de:f0,42.0
00:18:0a:13:b6:90,00:18:0a:14:e2:b0,12.0
00:18:0a:13:b6:90,00:18:0a:14:f4:c0,46.0
00:18:0a:13:b6:90,00:18:0a:14:f8:e0,93.0
00:18:0a:13:b6:90,00:18:0a:14:f9:d0,22.0
00:18:0a:13:b6:90,00:18:0a:14:fc:50,2.0
00:18:0a:13:b6:90,00:18:0a:15:0d:70,214.0
00:18:0a:13:b6:90,00:18:0a:15:22:20,208.0
00:18:0a:13:b6:90,00:18:0a:15:22:40,22.0
00:18:0a:13:b6:90,00:18:0a:15:25:90,717.0
00:18:0a:13:b6:90,00:18:0a:15:25:b0,88.0
00:18:0a:13:b6:90,00:18:0a:15:28:30,21.0
00:18:0a:13:b6:90,00:18:0a:15:2e:b0,180.0
00:18:0a:13:b6:90,00:18:0a:15:3c:50,209.0
00:18:0a:13:b6:90,00:18:0a:15:47:c0,56987.0
00:18:0a:13:b6:90,00:18:0a:15:58:b0,7.0
00:18:0a:13:b6:90,00:18:0a:15:5f:b0,798.0
00:18:0a:13:b6:90,00:18:0a:15:65:90,325.0
00:18:0a:13:b6:90,00:18:0a:15:65:c0,3.0
00:18:0a:13:b6:90,00:18:0a:15:67:60,28.0
00:18:0a:13:b6:90,00:18:0a:15:67:c0,15.0
00:18:0a:13:b6:90,00:18:0a:15:90:f0,2.0
00:18:0a:13:b6:90,00:18:0a:15:98:e0,61.0
00:18:0a:13:b6:90,00:18:0a:15:aa:30,53.0
00:18:0a:13:b6:90,00:18:0a:15:b2:40,6.0
00:18:0a:13:b6:90,00:18:0a:15:b9:30,32.0
00:18:0a:13:b6:90,00:18:0a:15:ba:f0,44.0
00:18:0a:13:b6:90,00:18:0a:15:bb:a0,41.0
00:18:0a:13:b6:90,00:18:0a:15:d6:10,105.0
00:18:0a:13:b6:90,00:18:0a:15:d7:20,18.0
00:18:0a:13:b6:90,00:18:0a:15:da:d0,2.0
00:18:0a:13:b6:90,00:18:0a:15:dc:00,180.0
00:18:0a:13:b6:90,00:18:0a:15:e6:c0,43.0
00:18:0a:13:b6:90,00:18:0a:21:8d:14,1.0
00:18:0a:13:b6:90,00:18:0a:21:ba:b7,1.0
00:18:0a:13:b6:90,00:18:0a:21:e2:44,2.0
00:18:0a:13:b6:90,00:18:0a:27:c5:1a,7.0
00:18:0a:13:b6:90,00:18:0a:27:cf:e2,23648.0
00:18:0a:13:b6:90,00:18:0a:a1:9f:60,156.0
00:18:0a:13:b6:90,00:18:0a:a5:32:b0,8.0
00:18:0a:13:b6:90,00:18:0a:a5:4a:00,6.0
00:18:0a:13:b6:90,00:18:0a:a5:4d:b0,23.0
00:18:0a:13:b6:90,00:18:0a:a5:66:b0,5.0
00:18:0a:13:b6:90,00:18:0a:a5:a8:b0,14.0
00:18:0a:13:bd:60,00:18:0a:13:bd:60,31722.0
00:18:0a:13:bd:60,00:18:0a:14:de:f0,94.0
00:18:0a:13:bd:60,00:18:0a:14:e2:b0,29.0
00:18:0a:13:bd:60,00:18:0a:14:f4:c0,69.0
00:18:0a:13:bd:60,00:18:0a:14:f8:e0,147.0
00:18:0a:13:bd:60,00:18:0a:14:f9:d0,41.0
00:18:0a:13:bd:60,00:18:0a:14:fc:50,2.0
00:18:0a:13:bd:60,00:18:0a:15:0d:70,1219.0
00:18:0a:13:bd:60,00:18:0a:15:22:20,396.0
00:18:0a:13:bd:60,00:18:0a:15:22:40,50.0
00:18:0a:13:bd:60,00:18:0a:15:25:90,443.0
00:18:0a:13:bd:60,00:18:0a:15:25:b0,198.0
00:18:0a:13:bd:60,00:18:0a:15:28:30,28.0
00:18:0a:13:bd:60,00:18:0a:15:2e:b0,250.0
00:18:0a:13:bd:60,00:18:0a:15:3c:50,276.0
00:18:0a:13:bd:60,00:18:0a:15:47:c0,60451.0
00:18:0a:13:bd:60,00:18:0a:15:58:b0,6.0
00:18:0a:13:bd:60,00:18:0a:15:5f:b0,723.0
00:18:0a:13:bd:60,00:18:0a:15:65:90,738.0
00:18:0a:13:bd:60,00:18:0a:15:65:c0,2.0
00:18:0a:13:bd:60,00:18:0a:15:67:60,296.0
00:18:0a:13:bd:60,00:18:0a:15:67:c0,39.0
00:18:0a:13:bd:60,00:18:0a:15:90:f0,1.0
00:18:0a:13:bd:60,00:18:0a:15:98:e0,155.0
00:18:0a:13:bd:60,00:18:0a:15:aa:30,85.0
00:18:0a:13:bd:60,00:18:0a:15:b2:40,14.0
00:18:0a:13:bd:60,00:18:0a:15:b9:30,58.0
00:18:0a:13:bd:60,00:18:0a:15:ba:f0,91.0
00:18:0a:13:bd:60,00:18:0a:15:bb:a0,406.0
00:18:0a:13:bd:60,00:18:0a:15:d6:10,176.0
00:18:0a:13:bd:60,00:18:0a:15:d7:20,31.0
00:18:0a:13:bd:60,00:18:0a:15:da:d0,6.0
00:18:0a:13:bd:60,00:18:0a:15:dc:00,292.0
00:18:0a:13:bd:60,00:18:0a:15:e6:c0,66.0
00:18:0a:13:bd:60,00:18:0a:21:8a:5a,1.0
00:18:0a:13:bd:60,00:18:0a:21:8d:14,1.0
00:18:0a:13:bd:60,00:18:0a:21:e5:2b,1.0
00:18:0a:13:bd:60,00:18:0a:27:c5:1a,15.0
00:18:0a:13:bd:60,00:18:0a:27:cf:e2,30172.0
00:18:0a:13:bd:60,00:18:0a:a1:9f:60,373.0
00:18:0a:13:bd:60,00:18:0a:a5:32:b0,12.0
00:18:0a:13:bd:60,00:18:0a:a5:4a:00,9.0
00:18:0a:13:bd:60,00:18:0a:a5:4d:b0,23.0
00:18:0a:13:bd:60,00:18:0a:a5:66:b0,5.0
00:18:0a:13:bd:60,00:18:0a:a5:a8:b0,28.0
00:18:0a:14:de:f0,00:18:0a:14:de:f0,42793.0
00:18:0a:14:de:f0,00:18:0a:14:e2:b0,4232.0
00:18:0a:14:de:f0,00:18:0a:14:f4:c0,2110.0
00:18:0a:14:de:f0,00:18:0a:14:f8:e0,4427.0
00:18:0a:14:de:f0,00:18:0a:14:f9:d0,345.0
00:18:0a:14:de:f0,00:18:0a:14:fc:50,264.0
00:18:0a:14:de:f0,00:18:0a:15:0d:70,39635.0
00:18:0a:14:de:f0,00:18:0a:15:22:20,10007.0
00:18:0a:14:de:f0,00:18:0a:15:22:40,2173.0
00:18:0a:14:de:f0,00:18:0a:15:25:90,22376.0
00:18:0a:14:de:f0,00:18:0a:15:25:b0,4919.0
00:18:0a:14:de:f0,00:18:0a:15:28:30,541.0
00:18:0a:14:de:f0,00:18:0a:15:2e:b0,36645.0
00:18:0a:14:de:f0,00:18:0a:15:3c:50,22448.0
00:18:0a:14:de:f0,00:18:0a:15:47:c0,68.0
00:18:0a:14:de:f0,00:18:0a:15:58:b0,95.0
00:18:0a:14:de:f0,00:18:0a:15:5f:b0,1314.0
00:18:0a:14:de:f0,00:18:0a:15:65:90,28467.0
00:18:0a:14:de:f0,00:18:0a:15:65:c0,1963.0
00:18:0a:14:de:f0,00:18:0a:15:67:60,5610.0
00:18:0a:14:de:f0,00:18:0a:15:67:c0,2399.0
00:18:0a:14:de:f0,00:18:0a:15:90:f0,33.0
00:18:0a:14:de:f0,00:18:0a:15:98:e0,1830.0
00:18:0a:14:de:f0,00:18:0a:15:aa:30,1033.0
00:18:0a:14:de:f0,00:18:0a:15:b2:40,610.0
00:18:0a:14:de:f0,00:18:0a:15:b9:30,173.0
00:18:0a:14:de:f0,00:18:0a:15:ba:f0,5538.0
00:18:0a:14:de:f0,00:18:0a:15:bb:a0,6053.0
00:18:0a:14:de:f0,00:18:0a:15:d6:10,628.0
00:18:0a:14:de:f0,00:18:0a:15:d7:20,584.0
00:18:0a:14:de:f0,00:18:0a:15:da:d0,34.0
00:18:0a:14:de:f0,00:18:0a:15:dc:00,2601.0
00:18:0a:14:de:f0,00:18:0a:15:e6:c0,1977.0
00:18:0a:14:de:f0,00:18:0a:21:8d:14,2.0
00:18:0a:14:de:f0,00:18:0a:21:e2:44,2.0
00:18:0a:14:de:f0,00:18:0a:21:e5:19,1.0
00:18:0a:14:de:f0,00:18:0a:27:c5:1a,49.0
00:18:0a:14:de:f0,00:18:0a:27:cf:e2,602.0
00:18:0a:14:de:f0,00:18:0a:32:90:b4,1.0
00:18:0a:14:de:f0,00:18:0a:a1:9f:60,17.0
00:18:0a:14:de:f0,00:18:0a:a5:32:b0,234.0
00:18:0a:14:de:f0,00:18:0a:a5:4a:00,246.0
00:18:0a:14:de:f0,00:18:0a:a5:4d:b0,435.0
00:18:0a:14:de:f0,00:18:0a:a5:66:b0,260.0
00:18:0a:14:de:f0,00:18:0a:a5:a8:b0,617.0
00:18:0a:14:e2:b0,00:18:0a:14:e2:b0,595.0
00:18:0a:14:e2:b0,00:18:0a:14:f4:c0,1519.0
00:18:0a:14:e2:b0,00:18:0a:14:f8:e0,786.0
00:18:0a:14:e2:b0,00:18:0a:14:f9:d0,29.0
00:18:0a:14:e2:b0,00:18:0a:14:fc:50,6.0
00:18:0a:14:e2:b0,00:18:0a:15:0d:70,11422.0
00:18:0a:14:e2:b0,00:18:0a:15:22:20,1902.0
00:18:0a:14:e2:b0,00:18:0a:15:22:40,1844.0
00:18:0a:14:e2:b0,00:18:0a:15:25:90,12486.0
00:18:0a:14:e2:b0,00:18:0a:15:25:b0,957.0
00:18:0a:14:e2:b0,00:18:0a:15:28:30,543.0
00:18:0a:14:e2:b0,00:18:0a:15:2e:b0,6413.0
00:18:0a:14:e2:b0,00:18:0a:15:3c:50,8745.0
00:18:0a:14:e2:b0,00:18:0a:15:47:c0,3.0
00:18:0a:14:e2:b0,00:18:0a:15:58:b0,32.0
00:18:0a:14:e2:b0,00:18:0a:15:5f:b0,79.0
00:18:0a:14:e2:b0,00:18:0a:15:65:90,10748.0
00:18:0a:14:e2:b0,00:18:0a:15:65:c0,2771.0
00:18:0a:14:e2:b0,00:18:0a:15:67:60,2371.0
00:18:0a:14:e2:b0,00:18:0a:15:67:c0,3238.0
00:18:0a:14:e2:b0,00:18:0a:15:90:f0,12.0
00:18:0a:14:e2:b0,00:18:0a:15:98:e0,84.0
00:18:0a:14:e2:b0,00:18:0a:15:aa:30,61.0
00:18:0a:14:e2:b0,00:18:0a:15:b2:40,844.0
00:18:0a:14:e2:b0,00:18:0a:15:b9:30,52.0
00:18:0a:14:e2:b0,00:18:0a:15:ba:f0,3878.0
00:18:0a:14:e2:b0,00:18:0a:15:bb:a0,3642.0
00:18:0a:14:e2:b0,00:18:0a:15:d6:10,63.0
00:18:0a:14:e2:b0,00:18:0a:15:d7:20,382.0
00:18:0a:14:e2:b0,00:18:0a:15:da:d0,8.0
00:18:0a:14:e2:b0,00:18:0a:15:dc:00,70.0
00:18:0a:14:e2:b0,00:18:0a:15:e6:c0,61.0
00:18:0a:14:e2:b0,00:18:0a:21:8d:14,1.0
00:18:0a:14:e2:b0,00:18:0a:21:e2:44,1.0
00:18:0a:14:e2:b0,00:18:0a:21:e5:19,1.0
00:18:0a:14:e2:b0,00:18:0a:22:56:86,1.0
00:18:0a:14:e2:b0,00:18:0a:22:56:92,1.0
00:18:0a:14:e2:b0,00:18:0a:27:c5:1a,15.0
00:18:0a:14:e2:b0,00:18:0a:27:cf:e2,111.0
00:18:0a:14:e2:b0,00:18:0a:32:90:b4,1.0
00:18:0a:14:e2:b0,00:18:0a:a1:9f:60,5.0
00:18:0a:14:e2:b0,00:18:0a:a5:32:b0,85.0
00:18:0a:14:e2:b0,00:18:0a:a5:4a:00,150.0
00:18:0a:14:e2:b0,00:18:0a:a5:4d:b0,251.0
00:18:0a:14:e2:b0,00:18:0a:a5:66:b0,142.0
00:18:0a:14:e2:b0,00:18:0a:a5:a8:b0,208.0
00:18:0a:14:f4:c0,00:18:0a:14:f4:c0,44687.0
00:18:0a:14:f4:c0,00:18:0a:14:f8:e0,22017.0
00:18:0a:14:f4:c0,00:18:0a:14:f9:d0,1572.0
00:18:0a:14:f4:c0,00:18:0a:14:fc:50,83.0
00:18:0a:14:f4:c0,00:18:0a:15:0d:70,5839.0
00:18:0a:14:f4:c0,00:18:0a:15:22:20,29478.0
00:18:0a:14:f4:c0,00:18:0a:15:22:40,3687.0
00:18:0a:14:f4:c0,00:18:0a:15:25:90,5946.0
00:18:0a:14:f4:c0,00:18:0a:15:25:b0,23002.0
00:18:0a:14:f4:c0,00:18:0a:15:28:30,14387.0
00:18:0a:14:f4:c0,00:18:0a:15:2e:b0,6558.0
00:18:0a:14:f4:c0,00:18:0a:15:3c:50,12997.0
00:18:0a:14:f4:c0,00:18:0a:15:47:c0,5619.0
00:18:0a:14:f4:c0,00:18:0a:15:58:b0,46.0
00:18:0a:14:f4:c0,00:18:0a:15:5f:b0,214.0
00:18:0a:14:f4:c0,00:18:0a:15:65:90,4364.0
00:18:0a:14:f4:c0,00:18:0a:15:65:c0,2283.0
00:18:0a:14:f4:c0,00:18:0a:15:67:60,1896.0
00:18:0a:14:f4:c0,00:18:0a:15:67:c0,7420.0
00:18:0a:14:f4:c0,00:18:0a:15:90:f0,632.0
00:18:0a:14:f4:c0,00:18:0a:15:98:e0,282.0
00:18:0a:14:f4:c0,00:18:0a:15:aa:30,188.0
00:18:0a:14:f4:c0,00:18:0a:15:b2:40,5997.0
00:18:0a:14:f4:c0,00:18:0a:15:b9:30,859.0
00:18:0a:14:f4:c0,00:18:0a:15:ba:f0,12559.0
00:18:0a:14:f4:c0,00:18:0a:15:bb:a0,14110.0
00:18:0a:14:f4:c0,00:18:0a:15:d6:10,210.0
00:18:0a:14:f4:c0,00:18:0a:15:d7:20,2570.0
00:18:0a:14:f4:c0,00:18:0a:15:da:d0,2265.0
00:18:0a:14:f4:c0,00:18:0a:15:dc:00,21665.0
00:18:0a:14:f4:c0,00:18:0a:15:e6:c0,3738.0
00:18:0a:14:f4:c0,00:18:0a:21:8d:14,2.0
00:18:0a:14:f4:c0,00:18:0a:21:e2:44,1.0
00:18:0a:14:f4:c0,00:18:0a:22:56:86,1.0
00:18:0a:14:f4:c0,00:18:0a:27:c5:1a,42.0
00:18:0a:14:f4:c0,00:18:0a:27:cf:e2,441.0
00:18:0a:14:f4:c0,00:18:0a:32:90:b4,1.0
00:18:0a:14:f4:c0,00:18:0a:32:d9:02,1.0
00:18:0a:14:f4:c0,00:18:0a:a1:9f:60,6.0
00:18:0a:14:f4:c0,00:18:0a:a5:32:b0,24.0
00:18:0a:14:f4:c0,00:18:0a:a5:4a:00,20.0
00:18:0a:14:f4:c0,00:18:0a:a5:4d:b0,117.0
00:18:0a:14:f4:c0,00:18:0a:a5:66:b0,21.0
00:18:0a:14:f4:c0,00:18:0a:a5:a8:b0,96.0
00:18:0a:14:f8:e0,00:18:0a:14:f8:e0,53709.0
00:18:0a:14:f8:e0,00:18:0a:14:f9:d0,57.0
00:18:0a:14:f8:e0,00:18:0a:14:fc:50,22.0
00:18:0a:14:f8:e0,00:18:0a:15:0d:70,10357.0
00:18:0a:14:f8:e0,00:18:0a:15:22:20,101227.0
00:18:0a:14:f8:e0,00:18:0a:15:22:40,3451.0
00:18:0a:14:f8:e0,00:18:0a:15:25:90,8350.0
00:18:0a:14:f8:e0,00:18:0a:15:25:b0,85785.0
00:18:0a:14:f8:e0,00:18:0a:15:28:30,19447.0
00:18:0a:14:f8:e0,00:18:0a:15:2e:b0,4566.0
00:18:0a:14:f8:e0,00:18:0a:15:3c:50,8822.0
00:18:0a:14:f8:e0,00:18:0a:15:47:c0,194.0
00:18:0a:14:f8:e0,00:18:0a:15:58:b0,169.0
00:18:0a:14:f8:e0,00:18:0a:15:5f:b0,1503.0
00:18:0a:14:f8:e0,00:18:0a:15:65:90,5880.0
00:18:0a:14:f8:e0,00:18:0a:15:65:c0,1164.0
00:18:0a:14:f8:e0,00:18:0a:15:67:60,4341.0
00:18:0a:14:f8:e0,00:18:0a:15:67:c0,6946.0
00:18:0a:14:f8:e0,00:18:0a:15:90:f0,30.0
00:18:0a:14:f8:e0,00:18:0a:15:98:e0,4497.0
00:18:0a:14:f8:e0,00:18:0a:15:aa:30,2393.0
00:18:0a:14:f8:e0,00:18:0a:15:b2:40,6433.0
00:18:0a:14:f8:e0,00:18:0a:15:b9:30,234.0
00:18:0a:14:f8:e0,00:18:0a:15:ba:f0,21135.0
00:18:0a:14:f8:e0,00:18:0a:15:bb:a0,28902.0
00:18:0a:14:f8:e0,00:18:0a:15:d6:10,759.0
00:18:0a:14:f8:e0,00:18:0a:15:d7:20,5044.0
00:18:0a:14:f8:e0,00:18:0a:15:da:d0,257.0
00:18:0a:14:f8:e0,00:18:0a:15:dc:00,2827.0
00:18:0a:14:f8:e0,00:18:0a:15:e6:c0,1544.0
00:18:0a:14:f8:e0,00:18:0a:21:8d:14,3.0
00:18:0a:14:f8:e0,00:18:0a:21:e2:44,3.0
00:18:0a:14:f8:e0,00:18:0a:21:e5:19,2.0
00:18:0a:14:f8:e0,00:18:0a:21:e5:26,1.0
00:18:0a:14:f8:e0,00:18:0a:27:c5:1a,174.0
00:18:0a:14:f8:e0,00:18:0a:27:cf:e2,1079.0
00:18:0a:14:f8:e0,00:18:0a:33:2e:f2,1.0
00:18:0a:14:f8:e0,00:18:0a:a1:9f:60,37.0
00:18:0a:14:f8:e0,00:18:0a:a5:32:b0,50.0
00:18:0a:14:f8:e0,00:18:0a:a5:4a:00,29.0
00:18:0a:14:f8:e0,00:18:0a:a5:4d:b0,114.0
00:18:0a:14:f8:e0,00:18:0a:a5:66:b0,24.0
00:18:0a:14:f8:e0,00:18:0a:a5:a8:b0,120.0
00:18:0a:14:f9:d0,00:18:0a:14:f9:d0,14738.0
00:18:0a:14:f9:d0,00:18:0a:14:fc:50,2804.0
00:18:0a:14:f9:d0,00:18:0a:15:0d:70,321.0
00:18:0a:14:f9:d0,00:18:0a:15:22:20,131.0
00:18:0a:14:f9:d0,00:18:0a:15:22:40,1723.0
00:18:0a:14:f9:d0,00:18:0a:15:25:90,3430.0
00:18:0a:14:f9:d0,00:18:0a:15:25:b0,1984.0
00:18:0a:14:f9:d0,00:18:0a:15:28:30,18.0
00:18:0a:14:f9:d0,00:18:0a:15:2e:b0,2119.0
00:18:0a:14:f9:d0,00:18:0a:15:3c:50,4812.0
00:18:0a:14:f9:d0,00:18:0a:15:47:c0,24.0
00:18:0a:14:f9:d0,00:18:0a:15:58:b0,64.0
00:18:0a:14:f9:d0,00:18:0a:15:5f:b0,600.0
00:18:0a:14:f9:d0,00:18:0a:15:65:90,2262.0
00:18:0a:14:f9:d0,00:18:0a:15:65:c0,71.0
00:18:0a:14:f9:d0,00:18:0a:15:67:60,915.0
00:18:0a:14:f9:d0,00:18:0a:15:67:c0,72.0
00:18:0a:14:f9:d0,00:18:0a:15:90:f0,7879.0
00:18:0a:14:f9:d0,00:18:0a:15:98:e0,190.0
00:18:0a:14:f9:d0,00:18:0a:15:aa:30,98.0
00:18:0a:14:f9:d0,00:18:0a:15:b2:40,8.0
00:18:0a:14:f9:d0,00:18:0a:15:b9:30,13740.0
00:18:0a:14:f9:d0,00:18:0a:15:ba:f0,734.0
00:18:0a:14:f9:d0,00:18:0a:15:bb:a0,67.0
00:18:0a:14:f9:d0,00:18:0a:15:d6:10,187.0
00:18:0a:14:f9:d0,00:18:0a:15:d7:20,25.0
00:18:0a:14:f9:d0,00:18:0a:15:da:d0,12311.0
00:18:0a:14:f9:d0,00:18:0a:15:dc:00,16497.0
00:18:0a:14:f9:d0,00:18:0a:15:e6:c0,20780.0
00:18:0a:14:f9:d0,00:18:0a:21:8a:5a,1.0
00:18:0a:14:f9:d0,00:18:0a:21:8d:14,2.0
00:18:0a:14:f9:d0,00:18:0a:21:ba:b7,1.0
00:18:0a:14:f9:d0,00:18:0a:21:e2:44,1.0
00:18:0a:14:f9:d0,00:18:0a:21:e5:19,2.0
00:18:0a:14:f9:d0,00:18:0a:21:e5:2b,1.0
00:18:0a:14:f9:d0,00:18:0a:27:c5:1a,16.0
00:18:0a:14:f9:d0,00:18:0a:27:cf:e2,231.0
00:18:0a:14:f9:d0,00:18:0a:a1:9f:60,9.0
00:18:0a:14:f9:d0,00:18:0a:a5:32:b0,3.0
00:18:0a:14:f9:d0,00:18:0a:a5:4a:00,5.0
00:18:0a:14:f9:d0,00:18:0a:a5:4d:b0,8.0
00:18:0a:14:f9:d0,00:18:0a:a5:66:b0,3.0
00:18:0a:14:f9:d0,00:18:0a:a5:a8:b0,12.0
00:18:0a:14:fc:50,00:18:0a:14:fc:50,25979.0
00:18:0a:14:fc:50,00:18:0a:15:0d:70,614.0
00:18:0a:14:fc:50,00:18:0a:15:22:20,59.0
00:18:0a:14:fc:50,00:18:0a:15:22:40,1692.0
00:18:0a:14:fc:50,00:18:0a:15:25:90,73.0
00:18:0a:14:fc:50,00:18:0a:15:25:b0,1655.0
00:18:0a:14:fc:50,00:18:0a:15:28:30,25.0
00:18:0a:14:fc:50,00:18:0a:15:2e:b0,3484.0
00:18:0a:14:fc:50,00:18:0a:15:3c:50,521.0
00:18:0a:14:fc:50,00:18:0a:15:47:c0,239.0
00:18:0a:14:fc:50,00:18:0a:15:58:b0,32.0
00:18:0a:14:fc:50,00:18:0a:15:5f:b0,227.0
00:18:0a:14:fc:50,00:18:0a:15:65:90,1770.0
00:18:0a:14:fc:50,00:18:0a:15:65:c0,2016.0
00:18:0a:14:fc:50,00:18:0a:15:67:60,50.0
00:18:0a:14:fc:50,00:18:0a:15:67:c0,7.0
00:18:0a:14:fc:50,00:18:0a:15:90:f0,10519.0
00:18:0a:14:fc:50,00:18:0a:15:98:e0,330.0
00:18:0a:14:fc:50,00:18:0a:15:aa:30,52.0
00:18:0a:14:fc:50,00:18:0a:15:b2:40,3.0
00:18:0a:14:fc:50,00:18:0a:15:b9:30,3203.0
00:18:0a:14:fc:50,00:18:0a:15:ba:f0,118.0
00:18:0a:14:fc:50,00:18:0a:15:bb:a0,99.0
00:18:0a:14:fc:50,00:18:0a:15:d6:10,95.0
00:18:0a:14:fc:50,00:18:0a:15:d7:20,3.0
00:18:0a:14:fc:50,00:18:0a:15:da:d0,5523.0
00:18:0a:14:fc:50,00:18:0a:15:dc:00,3554.0
00:18:0a:14:fc:50,00:18:0a:15:e6:c0,2468.0
00:18:0a:14:fc:50,00:18:0a:21:8d:14,1.0
00:18:0a:14:fc:50,00:18:0a:21:e5:2b,1.0
00:18:0a:14:fc:50,00:18:0a:27:c5:1a,9.0
00:18:0a:14:fc:50,00:18:0a:27:cf:e2,46.0
00:18:0a:14:fc:50,00:18:0a:a1:9f:60,17.0
00:18:0a:14:fc:50,00:18:0a:a5:32:b0,1.0
00:18:0a:14:fc:50,00:18:0a:a5:4d:b0,3.0
00:18:0a:14:fc:50,00:18:0a:a5:a8:b0,3.0
00:18:0a:15:0d:70,00:18:0a:15:0d:70,212183.0
00:18:0a:15:0d:70,00:18:0a:15:22:20,28339.0
00:18:0a:15:0d:70,00:18:0a:15:22:40,6299.0
00:18:0a:15:0d:70,00:18:0a:15:25:90,84918.0
00:18:0a:15:0d:70,00:18:0a:15:25:b0,13126.0
00:18:0a:15:0d:70,00:18:0a:15:28:30,2363.0
00:18:0a:15:0d:70,00:18:0a:15:2e:b0,61153.0
00:18:0a:15:0d:70,00:18:0a:15:3c:50,59571.0
00:18:0a:15:0d:70,00:18:0a:15:47:c0,1292.0
00:18:0a:15:0d:70,00:18:0a:15:58:b0,425.0
00:18:0a:15:0d:70,00:18:0a:15:5f:b0,8853.0
00:18:0a:15:0d:70,00:18:0a:15:65:90,90616.0
00:18:0a:15:0d:70,00:18:0a:15:65:c0,30655.0
00:18:0a:15:0d:70,00:18:0a:15:67:60,10531.0
00:18:0a:15:0d:70,00:18:0a:15:67:c0,7596.0
00:18:0a:15:0d:70,00:18:0a:15:90:f0,946.0
00:18:0a:15:0d:70,00:18:0a:15:98:e0,2766.0
00:18:0a:15:0d:70,00:18:0a:15:aa:30,1664.0
00:18:0a:15:0d:70,00:18:0a:15:b2:40,2479.0
00:18:0a:15:0d:70,00:18:0a:15:b9:30,1219.0
00:18:0a:15:0d:70,00:18:0a:15:ba:f0,14209.0
00:18:0a:15:0d:70,00:18:0a:15:bb:a0,22309.0
00:18:0a:15:0d:70,00:18:0a:15:d6:10,1586.0
00:18:0a:15:0d:70,00:18:0a:15:d7:20,6793.0
00:18:0a:15:0d:70,00:18:0a:15:da:d0,570.0
00:18:0a:15:0d:70,00:18:0a:15:dc:00,3854.0
00:18:0a:15:0d:70,00:18:0a:15:e6:c0,3692.0
00:18:0a:15:0d:70,00:18:0a:21:8a:5a,4.0
00:18:0a:15:0d:70,00:18:0a:21:8d:14,6.0
00:18:0a:15:0d:70,00:18:0a:21:ba:b7,5.0
00:18:0a:15:0d:70,00:18:0a:21:e2:44,5.0
00:18:0a:15:0d:70,00:18:0a:21:e5:29,2.0
00:18:0a:15:0d:70,00:18:0a:21:e5:2b,6.0
00:18:0a:15:0d:70,00:18:0a:22:56:86,2.0
00:18:0a:15:0d:70,00:18:0a:22:56:92,1.0
00:18:0a:15:0d:70,00:18:0a:27:c5:1a,187.0
00:18:0a:15:0d:70,00:18:0a:27:cf:e2,3203.0
00:18:0a:15:0d:70,00:18:0a:32:90:b4,1.0
00:18:0a:15:0d:70,00:18:0a:a1:9f:60,73.0
00:18:0a:15:0d:70,00:18:0a:a5:32:b0,371.0
00:18:0a:15:0d:70,00:18:0a:a5:4a:00,758.0
00:18:0a:15:0d:70,00:18:0a:a5:4d:b0,1308.0
00:18:0a:15:0d:70,00:18:0a:a5:66:b0,713.0
00:18:0a:15:0d:70,00:18:0a:a5:a8:b0,1978.0
00:18:0a:15:22:20,00:18:0a:15:22:20,129772.0
00:18:0a:15:22:20,00:18:0a:15:22:40,3153.0
00:18:0a:15:22:20,00:18:0a:15:25:90,26749.0
00:18:0a:15:22:20,00:18:0a:15:25:b0,109406.0
00:18:0a:15:22:20,00:18:0a:15:28:30,19650.0
00:18:0a:15:22:20,00:18:0a:15:2e:b0,18137.0
00:18:0a:15:22:20,00:18:0a:15:3c:50,13657.0
00:18:0a:15:22:20,00:18:0a:15:47:c0,159.0
00:18:0a:15:22:20,00:18:0a:15:58:b0,292.0
00:18:0a:15:22:20,00:18:0a:15:5f:b0,2299.0
00:18:0a:15:22:20,00:18:0a:15:65:90,12987.0
00:18:0a:15:22:20,00:18:0a:15:65:c0,2156.0
00:18:0a:15:22:20,00:18:0a:15:67:60,5994.0
00:18:0a:15:22:20,00:18:0a:15:67:c0,10265.0
00:18:0a:15:22:20,00:18:0a:15:90:f0,47.0
00:18:0a:15:22:20,00:18:0a:15:98:e0,2899.0
00:18:0a:15:22:20,00:18:0a:15:aa:30,1815.0
00:18:0a:15:22:20,00:18:0a:15:b2:40,4460.0
00:18:0a:15:22:20,00:18:0a:15:b9:30,477.0
00:18:0a:15:22:20,00:18:0a:15:ba:f0,35702.0
00:18:0a:15:22:20,00:18:0a:15:bb:a0,45299.0
00:18:0a:15:22:20,00:18:0a:15:d6:10,1441.0
00:18:0a:15:22:20,00:18:0a:15:d7:20,8825.0
00:18:0a:15:22:20,00:18:0a:15:da:d0,4292.0
00:18:0a:15:22:20,00:18:0a:15:dc:00,3055.0
00:18:0a:15:22:20,00:18:0a:15:e6:c0,3209.0
00:18:0a:15:22:20,00:18:0a:21:8d:14,4.0
00:18:0a:15:22:20,00:18:0a:21:ba:b7,1.0
00:18:0a:15:22:20,00:18:0a:21:e2:44,8.0
00:18:0a:15:22:20,00:18:0a:21:e5:19,2.0
00:18:0a:15:22:20,00:18:0a:21:e5:29,1.0
00:18:0a:15:22:20,00:18:0a:21:e5:2b,5.0
00:18:0a:15:22:20,00:18:0a:22:56:86,2.0
00:18:0a:15:22:20,00:18:0a:27:c5:1a,283.0
00:18:0a:15:22:20,00:18:0a:27:cf:e2,2674.0
00:18:0a:15:22:20,00:18:0a:32:90:b4,5.0
00:18:0a:15:22:20,00:18:0a:a1:9f:60,81.0
00:18:0a:15:22:20,00:18:0a:a5:32:b0,106.0
00:18:0a:15:22:20,00:18:0a:a5:4a:00,83.0
00:18:0a:15:22:20,00:18:0a:a5:4d:b0,360.0
00:18:0a:15:22:20,00:18:0a:a5:66:b0,87.0
00:18:0a:15:22:20,00:18:0a:a5:a8:b0,360.0
00:18:0a:15:22:40,00:18:0a:15:22:40,34281.0
00:18:0a:15:22:40,00:18:0a:15:25:90,11040.0
00:18:0a:15:22:40,00:18:0a:15:25:b0,6711.0
00:18:0a:15:22:40,00:18:0a:15:28:30,4649.0
00:18:0a:15:22:40,00:18:0a:15:2e:b0,6470.0
00:18:0a:15:22:40,00:18:0a:15:3c:50,4920.0
00:18:0a:15:22:40,00:18:0a:15:47:c0,45.0
00:18:0a:15:22:40,00:18:0a:15:58:b0,55.0
00:18:0a:15:22:40,00:18:0a:15:5f:b0,5836.0
00:18:0a:15:22:40,00:18:0a:15:65:90,7286.0
00:18:0a:15:22:40,00:18:0a:15:65:c0,413.0
00:18:0a:15:22:40,00:18:0a:15:67:60,15095.0
00:18:0a:15:22:40,00:18:0a:15:67:c0,2817.0
00:18:0a:15:22:40,00:18:0a:15:90:f0,1088.0
00:18:0a:15:22:40,00:18:0a:15:98:e0,693.0
00:18:0a:15:22:40,00:18:0a:15:aa:30,579.0
00:18:0a:15:22:40,00:18:0a:15:b2:40,9708.0
00:18:0a:15:22:40,00:18:0a:15:b9:30,767.0
00:18:0a:15:22:40,00:18:0a:15:ba:f0,2971.0
00:18:0a:15:22:40,00:18:0a:15:bb:a0,2003.0
00:18:0a:15:22:40,00:18:0a:15:d6:10,90.0
00:18:0a:15:22:40,00:18:0a:15:d7:20,6582.0
00:18:0a:15:22:40,00:18:0a:15:da:d0,1878.0
00:18:0a:15:22:40,00:18:0a:15:dc:00,2287.0
00:18:0a:15:22:40,00:18:0a:15:e6:c0,1688.0
00:18:0a:15:22:40,00:18:0a:21:8d:14,1.0
00:18:0a:15:22:40,00:18:0a:21:e2:44,1.0
00:18:0a:15:22:40,00:18:0a:22:56:86,1.0
00:18:0a:15:22:40,00:18:0a:27:c5:1a,27.0
00:18:0a:15:22:40,00:18:0a:27:cf:e2,114.0
00:18:0a:15:22:40,00:18:0a:33:2e:f2,1.0
00:18:0a:15:22:40,00:18:0a:a1:9f:60,5.0
00:18:0a:15:22:40,00:18:0a:a5:32:b0,48.0
00:18:0a:15:22:40,00:18:0a:a5:4a:00,47.0
00:18:0a:15:22:40,00:18:0a:a5:4d:b0,141.0
00:18:0a:15:22:40,00:18:0a:a5:66:b0,47.0
00:18:0a:15:22:40,00:18:0a:a5:a8:b0,161.0
00:18:0a:15:25:90,00:18:0a:15:25:90,152023.0
00:18:0a:15:25:90,00:18:0a:15:25:b0,9236.0
00:18:0a:15:25:90,00:18:0a:15:28:30,2086.0
00:18:0a:15:25:90,00:18:0a:15:2e:b0,37792.0
00:18:0a:15:25:90,00:18:0a:15:3c:50,65767.0
00:18:0a:15:25:90,00:18:0a:15:47:c0,438.0
00:18:0a:15:25:90,00:18:0a:15:58:b0,322.0
00:18:0a:15:25:90,00:18:0a:15:5f:b0,1986.0
00:18:0a:15:25:90,00:18:0a:15:65:90,62477.0
00:18:0a:15:25:90,00:18:0a:15:65:c0,4844.0
00:18:0a:15:25:90,00:18:0a:15:67:60,12167.0
00:18:0a:15:25:90,00:18:0a:15:67:c0,9668.0
00:18:0a:15:25:90,00:18:0a:15:90:f0,146.0
00:18:0a:15:25:90,00:18:0a:15:98:e0,2274.0
00:18:0a:15:25:90,00:18:0a:15:aa:30,1627.0
00:18:0a:15:25:90,00:18:0a:15:b2:40,4387.0
00:18:0a:15:25:90,00:18:0a:15:b9:30,14961.0
00:18:0a:15:25:90,00:18:0a:15:ba:f0,12311.0
00:18:0a:15:25:90,00:18:0a:15:bb:a0,19858.0
00:18:0a:15:25:90,00:18:0a:15:d6:10,1224.0
00:18:0a:15:25:90,00:18:0a:15:d7:20,7175.0
00:18:0a:15:25:90,00:18:0a:15:da:d0,2305.0
00:18:0a:15:25:90,00:18:0a:15:dc:00,11621.0
00:18:0a:15:25:90,00:18:0a:15:e6:c0,9684.0
00:18:0a:15:25:90,00:18:0a:21:8a:5a,1.0
00:18:0a:15:25:90,00:18:0a:21:8d:14,5.0
00:18:0a:15:25:90,00:18:0a:21:ba:b7,1.0
00:18:0a:15:25:90,00:18:0a:21:e2:44,5.0
00:18:0a:15:25:90,00:18:0a:21:e5:19,2.0
00:18:0a:15:25:90,00:18:0a:21:e5:2b,3.0
00:18:0a:15:25:90,00:18:0a:22:56:86,3.0
00:18:0a:15:25:90,00:18:0a:22:56:92,2.0
00:18:0a:15:25:90,00:18:0a:27:c5:1a,128.0
00:18:0a:15:25:90,00:18:0a:27:cf:e2,1567.0
00:18:0a:15:25:90,00:18:0a:a1:9f:60,111.0
00:18:0a:15:25:90,00:18:0a:a5:32:b0,468.0
00:18:0a:15:25:90,00:18:0a:a5:4a:00,782.0
00:18:0a:15:25:90,00:18:0a:a5:4d:b0,1228.0
00:18:0a:15:25:90,00:18:0a:a5:66:b0,617.0
00:18:0a:15:25:90,00:18:0a:a5:a8:b0,1501.0
00:18:0a:15:25:b0,00:18:0a:15:25:b0,81629.0
00:18:0a:15:25:b0,00:18:0a:15:28:30,19602.0
00:18:0a:15:25:b0,00:18:0a:15:2e:b0,10533.0
00:18:0a:15:25:b0,00:18:0a:15:3c:50,5886.0
00:18:0a:15:25:b0,00:18:0a:15:47:c0,126.0
00:18:0a:15:25:b0,00:18:0a:15:58:b0,247.0
00:18:0a:15:25:b0,00:18:0a:15:5f:b0,1722.0
00:18:0a:15:25:b0,00:18:0a:15:65:90,10347.0
00:18:0a:15:25:b0,00:18:0a:15:65:c0,1449.0
00:18:0a:15:25:b0,00:18:0a:15:67:60,7511.0
00:18:0a:15:25:b0,00:18:0a:15:67:c0,7914.0
00:18:0a:15:25:b0,00:18:0a:15:90:f0,1107.0
00:18:0a:15:25:b0,00:18:0a:15:98:e0,7595.0
00:18:0a:15:25:b0,00:18:0a:15:aa:30,6862.0
00:18:0a:15:25:b0,00:18:0a:15:b2:40,5683.0
00:18:0a:15:25:b0,00:18:0a:15:b9:30,1282.0
00:18:0a:15:25:b0,00:18:0a:15:ba:f0,29053.0
00:18:0a:15:25:b0,00:18:0a:15:bb:a0,32575.0
00:18:0a:15:25:b0,00:18:0a:15:d6:10,994.0
00:18:0a:15:25:b0,00:18:0a:15:d7:20,6747.0
00:18:0a:15:25:b0,00:18:0a:15:da:d0,2169.0
00:18:0a:15:25:b0,00:18:0a:15:dc:00,4908.0
00:18:0a:15:25:b0,00:18:0a:15:e6:c0,2983.0
00:18:0a:15:25:b0,00:18:0a:21:8d:14,5.0
00:18:0a:15:25:b0,00:18:0a:21:e2:44,9.0
00:18:0a:15:25:b0,00:18:0a:21:e5:19,2.0
00:18:0a:15:25:b0,00:18:0a:21:e5:26,1.0
00:18:0a:15:25:b0,00:18:0a:21:e5:2b,1.0
00:18:0a:15:25:b0,00:18:0a:22:56:86,1.0
00:18:0a:15:25:b0,00:18:0a:27:c5:1a,179.0
00:18:0a:15:25:b0,00:18:0a:27:cf:e2,1440.0
00:18:0a:15:25:b0,00:18:0a:a1:9f:60,44.0
00:18:0a:15:25:b0,00:18:0a:a5:32:b0,35.0
00:18:0a:15:25:b0,00:18:0a:a5:4a:00,27.0
00:18:0a:15:25:b0,00:18:0a:a5:4d:b0,170.0
00:18:0a:15:25:b0,00:18:0a:a5:66:b0,50.0
00:18:0a:15:25:b0,00:18:0a:a5:a8:b0,187.0
00:18:0a:15:28:30,00:18:0a:15:28:30,4301.0
00:18:0a:15:28:30,00:18:0a:15:2e:b0,830.0
00:18:0a:15:28:30,00:18:0a:15:3c:50,648.0
00:18:0a:15:28:30,00:18:0a:15:47:c0,7.0
00:18:0a:15:28:30,00:18:0a:15:58:b0,34.0
00:18:0a:15:28:30,00:18:0a:15:5f:b0,232.0
00:18:0a:15:28:30,00:18:0a:15:65:90,1340.0
00:18:0a:15:28:30,00:18:0a:15:65:c0,1061.0
00:18:0a:15:28:30,00:18:0a:15:67:60,2503.0
00:18:0a:15:28:30,00:18:0a:15:67:c0,3388.0
00:18:0a:15:28:30,00:18:0a:15:90:f0,33.0
00:18:0a:15:28:30,00:18:0a:15:98:e0,162.0
00:18:0a:15:28:30,00:18:0a:15:aa:30,106.0
00:18:0a:15:28:30,00:18:0a:15:b2:40,6873.0
00:18:0a:15:28:30,00:18:0a:15:b9:30,49.0
00:18:0a:15:28:30,00:18:0a:15:ba:f0,6554.0
00:18:0a:15:28:30,00:18:0a:15:bb:a0,8265.0
00:18:0a:15:28:30,00:18:0a:15:d6:10,134.0
00:18:0a:15:28:30,00:18:0a:15:d7:20,3906.0
00:18:0a:15:28:30,00:18:0a:15:da:d0,217.0
00:18:0a:15:28:30,00:18:0a:15:dc:00,216.0
00:18:0a:15:28:30,00:18:0a:15:e6:c0,70.0
00:18:0a:15:28:30,00:18:0a:21:e2:44,1.0
00:18:0a:15:28:30,00:18:0a:21:e5:26,1.0
00:18:0a:15:28:30,00:18:0a:27:c5:1a,20.0
00:18:0a:15:28:30,00:18:0a:27:cf:e2,207.0
00:18:0a:15:28:30,00:18:0a:a1:9f:60,9.0
00:18:0a:15:28:30,00:18:0a:a5:32:b0,9.0
00:18:0a:15:28:30,00:18:0a:a5:4a:00,13.0
00:18:0a:15:28:30,00:18:0a:a5:4d:b0,51.0
00:18:0a:15:28:30,00:18:0a:a5:66:b0,4.0
00:18:0a:15:28:30,00:18:0a:a5:a8:b0,46.0
00:18:0a:15:2e:b0,00:18:0a:15:2e:b0,99558.0
00:18:0a:15:2e:b0,00:18:0a:15:3c:50,31919.0
00:18:0a:15:2e:b0,00:18:0a:15:47:c0,2763.0
00:18:0a:15:2e:b0,00:18:0a:15:58:b0,191.0
00:18:0a:15:2e:b0,00:18:0a:15:5f:b0,4565.0
00:18:0a:15:2e:b0,00:18:0a:15:65:90,41789.0
00:18:0a:15:2e:b0,00:18:0a:15:65:c0,2167.0
00:18:0a:15:2e:b0,00:18:0a:15:67:60,7537.0
00:18:0a:15:2e:b0,00:18:0a:15:67:c0,7031.0
00:18:0a:15:2e:b0,00:18:0a:15:90:f0,1812.0
00:18:0a:15:2e:b0,00:18:0a:15:98:e0,2844.0
00:18:0a:15:2e:b0,00:18:0a:15:aa:30,1344.0
00:18:0a:15:2e:b0,00:18:0a:15:b2:40,1067.0
00:18:0a:15:2e:b0,00:18:0a:15:b9:30,1355.0
00:18:0a:15:2e:b0,00:18:0a:15:ba:f0,8364.0
00:18:0a:15:2e:b0,00:18:0a:15:bb:a0,12008.0
00:18:0a:15:2e:b0,00:18:0a:15:d6:10,908.0
00:18:0a:15:2e:b0,00:18:0a:15:d7:20,4971.0
00:18:0a:15:2e:b0,00:18:0a:15:da:d0,2926.0
00:18:0a:15:2e:b0,00:18:0a:15:dc:00,7579.0
00:18:0a:15:2e:b0,00:18:0a:15:e6:c0,4666.0
00:18:0a:15:2e:b0,00:18:0a:21:8d:14,2.0
00:18:0a:15:2e:b0,00:18:0a:21:e2:44,5.0
00:18:0a:15:2e:b0,00:18:0a:21:e5:26,2.0
00:18:0a:15:2e:b0,00:18:0a:21:e5:2b,1.0
00:18:0a:15:2e:b0,00:18:0a:22:56:86,2.0
00:18:0a:15:2e:b0,00:18:0a:27:c5:1a,75.0
00:18:0a:15:2e:b0,00:18:0a:27:cf:e2,1629.0
00:18:0a:15:2e:b0,00:18:0a:32:90:b4,2.0
00:18:0a:15:2e:b0,00:18:0a:a1:9f:60,56.0
00:18:0a:15:2e:b0,00:18:0a:a5:32:b0,218.0
00:18:0a:15:2e:b0,00:18:0a:a5:4a:00,426.0
00:18:0a:15:2e:b0,00:18:0a:a5:4d:b0,817.0
00:18:0a:15:2e:b0,00:18:0a:a5:66:b0,348.0
00:18:0a:15:2e:b0,00:18:0a:a5:a8:b0,633.0
00:18:0a:15:3c:50,00:18:0a:15:3c:50,100123.0
00:18:0a:15:3c:50,00:18:0a:15:47:c0,287.0
00:18:0a:15:3c:50,00:18:0a:15:58:b0,268.0
00:18:0a:15:3c:50,00:18:0a:15:5f:b0,1756.0
00:18:0a:15:3c:50,00:18:0a:15:65:90,43505.0
00:18:0a:15:3c:50,00:18:0a:15:65:c0,3501.0
00:18:0a:15:3c:50,00:18:0a:15:67:60,8173.0
00:18:0a:15:3c:50,00:18:0a:15:67:c0,3078.0
00:18:0a:15:3c:50,00:18:0a:15:90:f0,1315.0
00:18:0a:15:3c:50,00:18:0a:15:98:e0,2030.0
00:18:0a:15:3c:50,00:18:0a:15:aa:30,1204.0
00:18:0a:15:3c:50,00:18:0a:15:b2:40,1588.0
00:18:0a:15:3c:50,00:18:0a:15:b9:30,15273.0
00:18:0a:15:3c:50,00:18:0a:15:ba:f0,6405.0
00:18:0a:15:3c:50,00:18:0a:15:bb:a0,12599.0
00:18:0a:15:3c:50,00:18:0a:15:d6:10,951.0
00:18:0a:15:3c:50,00:18:0a:15:d7:20,5916.0
00:18:0a:15:3c:50,00:18:0a:15:da:d0,2980.0
00:18:0a:15:3c:50,00:18:0a:15:dc:00,4477.0
00:18:0a:15:3c:50,00:18:0a:15:e6:c0,6397.0
00:18:0a:15:3c:50,00:18:0a:21:8a:5a,1.0
00:18:0a:15:3c:50,00:18:0a:21:8d:14,5.0
00:18:0a:15:3c:50,00:18:0a:21:ba:b7,3.0
00:18:0a:15:3c:50,00:18:0a:21:e2:44,2.0
00:18:0a:15:3c:50,00:18:0a:21:e5:19,1.0
00:18:0a:15:3c:50,00:18:0a:21:e5:2b,1.0
00:18:0a:15:3c:50,00:18:0a:22:56:86,1.0
00:18:0a:15:3c:50,00:18:0a:22:56:92,3.0
00:18:0a:15:3c:50,00:18:0a:27:c5:1a,96.0
00:18:0a:15:3c:50,00:18:0a:27:cf:e2,890.0
00:18:0a:15:3c:50,00:18:0a:32:90:b4,1.0
00:18:0a:15:3c:50,00:18:0a:a1:9f:60,2812.0
00:18:0a:15:3c:50,00:18:0a:a5:32:b0,379.0
00:18:0a:15:3c:50,00:18:0a:a5:4a:00,538.0
00:18:0a:15:3c:50,00:18:0a:a5:4d:b0,838.0
00:18:0a:15:3c:50,00:18:0a:a5:66:b0,570.0
00:18:0a:15:3c:50,00:18:0a:a5:a8:b0,1243.0
00:18:0a:15:47:c0,00:18:0a:15:47:c0,68090.0
00:18:0a:15:47:c0,00:18:0a:15:58:b0,13.0
00:18:0a:15:47:c0,00:18:0a:15:5f:b0,513.0
00:18:0a:15:47:c0,00:18:0a:15:65:90,445.0
00:18:0a:15:47:c0,00:18:0a:15:65:c0,1.0
00:18:0a:15:47:c0,00:18:0a:15:67:60,394.0
00:18:0a:15:47:c0,00:18:0a:15:67:c0,3.0
00:18:0a:15:47:c0,00:18:0a:15:90:f0,142.0
00:18:0a:15:47:c0,00:18:0a:15:98:e0,146.0
00:18:0a:15:47:c0,00:18:0a:15:aa:30,146.0
00:18:0a:15:47:c0,00:18:0a:15:b2:40,3.0
00:18:0a:15:47:c0,00:18:0a:15:b9:30,33.0
00:18:0a:15:47:c0,00:18:0a:15:ba:f0,31.0
00:18:0a:15:47:c0,00:18:0a:15:bb:a0,208.0
00:18:0a:15:47:c0,00:18:0a:15:d6:10,69.0
00:18:0a:15:47:c0,00:18:0a:15:d7:20,16.0
00:18:0a:15:47:c0,00:18:0a:15:da:d0,9.0
00:18:0a:15:47:c0,00:18:0a:15:dc:00,219.0
00:18:0a:15:47:c0,00:18:0a:15:e6:c0,57.0
00:18:0a:15:47:c0,00:18:0a:21:8d:14,1.0
00:18:0a:15:47:c0,00:18:0a:27:c5:1a,5.0
00:18:0a:15:47:c0,00:18:0a:27:cf:e2,40080.0
00:18:0a:15:47:c0,00:18:0a:a1:9f:60,500.0
00:18:0a:15:47:c0,00:18:0a:a5:32:b0,2.0
00:18:0a:15:47:c0,00:18:0a:a5:4a:00,4.0
00:18:0a:15:47:c0,00:18:0a:a5:4d:b0,7.0
00:18:0a:15:47:c0,00:18:0a:a5:66:b0,4.0
00:18:0a:15:47:c0,00:18:0a:a5:a8:b0,13.0
00:18:0a:15:58:b0,00:18:0a:15:58:b0,51359.0
00:18:0a:15:58:b0,00:18:0a:15:5f:b0,307.0
00:18:0a:15:58:b0,00:18:0a:15:65:90,338.0
00:18:0a:15:58:b0,00:18:0a:15:67:60,158.0
00:18:0a:15:58:b0,00:18:0a:15:67:c0,36.0
00:18:0a:15:58:b0,00:18:0a:15:90:f0,12.0
00:18:0a:15:58:b0,00:18:0a:15:98:e0,843.0
00:18:0a:15:58:b0,00:18:0a:15:aa:30,411.0
00:18:0a:15:58:b0,00:18:0a:15:b2:40,27.0
00:18:0a:15:58:b0,00:18:0a:15:b9:30,652.0
00:18:0a:15:58:b0,00:18:0a:15:ba:f0,105.0
00:18:0a:15:58:b0,00:18:0a:15:bb:a0,133.0
00:18:0a:15:58:b0,00:18:0a:15:d6:10,403.0
00:18:0a:15:58:b0,00:18:0a:15:d7:20,56.0
00:18:0a:15:58:b0,00:18:0a:15:da:d0,34.0
00:18:0a:15:58:b0,00:18:0a:15:dc:00,261.0
00:18:0a:15:58:b0,00:18:0a:15:e6:c0,116.0
00:18:0a:15:58:b0,00:18:0a:21:8a:5a,1.0
00:18:0a:15:58:b0,00:18:0a:21:8d:14,2.0
00:18:0a:15:58:b0,00:18:0a:21:e2:44,2.0
00:18:0a:15:58:b0,00:18:0a:21:e5:2b,1.0
00:18:0a:15:58:b0,00:18:0a:22:56:86,4.0
00:18:0a:15:58:b0,00:18:0a:22:56:92,1.0
00:18:0a:15:58:b0,00:18:0a:27:c5:1a,73.0
00:18:0a:15:58:b0,00:18:0a:27:cf:e2,114.0
00:18:0a:15:58:b0,00:18:0a:a1:9f:60,45.0
00:18:0a:15:58:b0,00:18:0a:a5:32:b0,6.0
00:18:0a:15:58:b0,00:18:0a:a5:4a:00,2.0
00:18:0a:15:58:b0,00:18:0a:a5:4d:b0,12.0
00:18:0a:15:58:b0,00:18:0a:a5:a8:b0,20.0
00:18:0a:15:5f:b0,00:18:0a:15:5f:b0,124235.0
00:18:0a:15:5f:b0,00:18:0a:15:65:90,1466.0
00:18:0a:15:5f:b0,00:18:0a:15:65:c0,55.0
00:18:0a:15:5f:b0,00:18:0a:15:67:60,4997.0
00:18:0a:15:5f:b0,00:18:0a:15:67:c0,141.0
00:18:0a:15:5f:b0,00:18:0a:15:90:f0,110.0
00:18:0a:15:5f:b0,00:18:0a:15:98:e0,354856.0
00:18:0a:15:5f:b0,00:18:0a:15:aa:30,395905.0
00:18:0a:15:5f:b0,00:18:0a:15:b2:40,50.0
00:18:0a:15:5f:b0,00:18:0a:15:b9:30,1011.0
00:18:0a:15:5f:b0,00:18:0a:15:ba:f0,517.0
00:18:0a:15:5f:b0,00:18:0a:15:bb:a0,1648.0
00:18:0a:15:5f:b0,00:18:0a:15:d6:10,388899.0
00:18:0a:15:5f:b0,00:18:0a:15:d7:20,235.0
00:18:0a:15:5f:b0,00:18:0a:15:da:d0,235.0
00:18:0a:15:5f:b0,00:18:0a:15:dc:00,5382.0
00:18:0a:15:5f:b0,00:18:0a:15:e6:c0,2694.0
00:18:0a:15:5f:b0,00:18:0a:21:8a:5a,4.0
00:18:0a:15:5f:b0,00:18:0a:21:8d:14,4.0
00:18:0a:15:5f:b0,00:18:0a:21:ba:b7,6.0
00:18:0a:15:5f:b0,00:18:0a:21:e2:44,4.0
00:18:0a:15:5f:b0,00:18:0a:21:e5:19,2.0
00:18:0a:15:5f:b0,00:18:0a:21:e5:2b,1.0
00:18:0a:15:5f:b0,00:18:0a:22:56:86,1.0
00:18:0a:15:5f:b0,00:18:0a:22:56:92,1.0
00:18:0a:15:5f:b0,00:18:0a:27:c5:1a,201200.0
00:18:0a:15:5f:b0,00:18:0a:27:cf:e2,891.0
00:18:0a:15:5f:b0,00:18:0a:32:90:b4,1.0
00:18:0a:15:5f:b0,00:18:0a:a1:9f:60,198.0
00:18:0a:15:5f:b0,00:18:0a:a5:32:b0,20.0
00:18:0a:15:5f:b0,00:18:0a:a5:4a:00,34.0
00:18:0a:15:5f:b0,00:18:0a:a5:4d:b0,70.0
00:18:0a:15:5f:b0,00:18:0a:a5:66:b0,21.0
00:18:0a:15:5f:b0,00:18:0a:a5:a8:b0,96.0
00:18:0a:15:65:90,00:18:0a:15:65:90,124573.0
00:18:0a:15:65:90,00:18:0a:15:65:c0,9752.0
00:18:0a:15:65:90,00:18:0a:15:67:60,21763.0
00:18:0a:15:65:90,00:18:0a:15:67:c0,7338.0
00:18:0a:15:65:90,00:18:0a:15:90:f0,1633.0
00:18:0a:15:65:90,00:18:0a:15:98:e0,1868.0
00:18:0a:15:65:90,00:18:0a:15:aa:30,1191.0
00:18:0a:15:65:90,00:18:0a:15:b2:40,1715.0
00:18:0a:15:65:90,00:18:0a:15:b9:30,1358.0
00:18:0a:15:65:90,00:18:0a:15:ba:f0,27012.0
00:18:0a:15:65:90,00:18:0a:15:bb:a0,40641.0
00:18:0a:15:65:90,00:18:0a:15:d6:10,789.0
00:18:0a:15:65:90,00:18:0a:15:d7:20,1587.0
00:18:0a:15:65:90,00:18:0a:15:da:d0,1889.0
00:18:0a:15:65:90,00:18:0a:15:dc:00,5133.0
00:18:0a:15:65:90,00:18:0a:15:e6:c0,3178.0
00:18:0a:15:65:90,00:18:0a:21:8a:5a,1.0
00:18:0a:15:65:90,00:18:0a:21:8d:14,4.0
00:18:0a:15:65:90,00:18:0a:21:ba:b7,4.0
00:18:0a:15:65:90,00:18:0a:21:e2:44,2.0
00:18:0a:15:65:90,00:18:0a:21:e5:19,4.0
00:18:0a:15:65:90,00:18:0a:21:e5:26,1.0
00:18:0a:15:65:90,00:18:0a:22:56:86,1.0
00:18:0a:15:65:90,00:18:0a:22:56:92,1.0
00:18:0a:15:65:90,00:18:0a:27:c5:1a,116.0
00:18:0a:15:65:90,00:18:0a:27:cf:e2,1178.0
00:18:0a:15:65:90,00:18:0a:32:90:b4,5.0
00:18:0a:15:65:90,00:18:0a:33:2e:f2,2.0
00:18:0a:15:65:90,00:18:0a:a1:9f:60,46.0
00:18:0a:15:65:90,00:18:0a:a5:32:b0,389.0
00:18:0a:15:65:90,00:18:0a:a5:4a:00,728.0
00:18:0a:15:65:90,00:18:0a:a5:4d:b0,885.0
00:18:0a:15:65:90,00:18:0a:a5:66:b0,400.0
00:18:0a:15:65:90,00:18:0a:a5:a8:b0,1700.0
00:18:0a:15:65:c0,00:18:0a:15:65:c0,6393.0
00:18:0a:15:65:c0,00:18:0a:15:67:60,130.0
00:18:0a:15:65:c0,00:18:0a:15:67:c0,3270.0
00:18:0a:15:65:c0,00:18:0a:15:90:f0,1258.0
00:18:0a:15:65:c0,00:18:0a:15:98:e0,20.0
00:18:0a:15:65:c0,00:18:0a:15:aa:30,11.0
00:18:0a:15:65:c0,00:18:0a:15:b2:40,219.0
00:18:0a:15:65:c0,00:18:0a:15:b9:30,347.0
00:18:0a:15:65:c0,00:18:0a:15:ba:f0,4622.0
00:18:0a:15:65:c0,00:18:0a:15:bb:a0,3312.0
00:18:0a:15:65:c0,00:18:0a:15:d6:10,10.0
00:18:0a:15:65:c0,00:18:0a:15:d7:20,185.0
00:18:0a:15:65:c0,00:18:0a:15:da:d0,144.0
00:18:0a:15:65:c0,00:18:0a:15:dc:00,4284.0
00:18:0a:15:65:c0,00:18:0a:15:e6:c0,147.0
00:18:0a:15:65:c0,00:18:0a:27:c5:1a,4.0
00:18:0a:15:65:c0,00:18:0a:27:cf:e2,19.0
00:18:0a:15:65:c0,00:18:0a:a5:32:b0,9.0
00:18:0a:15:65:c0,00:18:0a:a5:4a:00,11.0
00:18:0a:15:65:c0,00:18:0a:a5:4d:b0,37.0
00:18:0a:15:65:c0,00:18:0a:a5:66:b0,11.0
00:18:0a:15:65:c0,00:18:0a:a5:a8:b0,59.0
00:18:0a:15:67:60,00:18:0a:15:67:60,122466.0
00:18:0a:15:67:60,00:18:0a:15:67:c0,1842.0
00:18:0a:15:67:60,00:18:0a:15:90:f0,1167.0
00:18:0a:15:67:60,00:18:0a:15:98:e0,1273.0
00:18:0a:15:67:60,00:18:0a:15:aa:30,881.0
00:18:0a:15:67:60,00:18:0a:15:b2:40,8076.0
00:18:0a:15:67:60,00:18:0a:15:b9:30,417.0
00:18:0a:15:67:60,00:18:0a:15:ba:f0,3760.0
00:18:0a:15:67:60,00:18:0a:15:bb:a0,14143.0
00:18:0a:15:67:60,00:18:0a:15:d6:10,317.0
00:18:0a:15:67:60,00:18:0a:15:d7:20,48562.0
00:18:0a:15:67:60,00:18:0a:15:da:d0,903.0
00:18:0a:15:67:60,00:18:0a:15:dc:00,7437.0
00:18:0a:15:67:60,00:18:0a:15:e6:c0,2407.0
00:18:0a:15:67:60,00:18:0a:21:8d:14,1.0
00:18:0a:15:67:60,00:18:0a:21:e2:44,1.0
00:18:0a:15:67:60,00:18:0a:21:e5:19,1.0
00:18:0a:15:67:60,00:18:0a:22:56:86,1.0
00:18:0a:15:67:60,00:18:0a:27:c5:1a,50.0
00:18:0a:15:67:60,00:18:0a:27:cf:e2,320.0
00:18:0a:15:67:60,00:18:0a:32:90:b4,4.0
00:18:0a:15:67:60,00:18:0a:33:2e:f2,1.0
00:18:0a:15:67:60,00:18:0a:a1:9f:60,22.0
00:18:0a:15:67:60,00:18:0a:a5:32:b0,120.0
00:18:0a:15:67:60,00:18:0a:a5:4a:00,107.0
00:18:0a:15:67:60,00:18:0a:a5:4d:b0,222.0
00:18:0a:15:67:60,00:18:0a:a5:66:b0,145.0
00:18:0a:15:67:60,00:18:0a:a5:a8:b0,237.0
00:18:0a:15:67:c0,00:18:0a:15:67:c0,5137.0
00:18:0a:15:67:c0,00:18:0a:15:90:f0,7.0
00:18:0a:15:67:c0,00:18:0a:15:98:e0,188.0
00:18:0a:15:67:c0,00:18:0a:15:aa:30,136.0
00:18:0a:15:67:c0,00:18:0a:15:b2:40,1521.0
00:18:0a:15:67:c0,00:18:0a:15:b9:30,69.0
00:18:0a:15:67:c0,00:18:0a:15:ba:f0,15895.0
00:18:0a:15:67:c0,00:18:0a:15:bb:a0,12870.0
00:18:0a:15:67:c0,00:18:0a:15:d6:10,162.0
00:18:0a:15:67:c0,00:18:0a:15:d7:20,840.0
00:18:0a:15:67:c0,00:18:0a:15:da:d0,2.0
00:18:0a:15:67:c0,00:18:0a:15:dc:00,153.0
00:18:0a:15:67:c0,00:18:0a:15:e6:c0,67.0
00:18:0a:15:67:c0,00:18:0a:21:8d:14,1.0
00:18:0a:15:67:c0,00:18:0a:21:e5:26,1.0
00:18:0a:15:67:c0,00:18:0a:27:c5:1a,38.0
00:18:0a:15:67:c0,00:18:0a:27:cf:e2,231.0
00:18:0a:15:67:c0,00:18:0a:32:90:b4,1.0
00:18:0a:15:67:c0,00:18:0a:a1:9f:60,4.0
00:18:0a:15:67:c0,00:18:0a:a5:32:b0,31.0
00:18:0a:15:67:c0,00:18:0a:a5:4a:00,59.0
00:18:0a:15:67:c0,00:18:0a:a5:4d:b0,116.0
00:18:0a:15:67:c0,00:18:0a:a5:66:b0,32.0
00:18:0a:15:67:c0,00:18:0a:a5:a8:b0,123.0
00:18:0a:15:90:f0,00:18:0a:15:90:f0,10372.0
00:18:0a:15:90:f0,00:18:0a:15:98:e0,41.0
00:18:0a:15:90:f0,00:18:0a:15:aa:30,12.0
00:18:0a:15:90:f0,00:18:0a:15:b2:40,8.0
00:18:0a:15:90:f0,00:18:0a:15:b9:30,17529.0
00:18:0a:15:90:f0,00:18:0a:15:ba:f0,1185.0
00:18:0a:15:90:f0,00:18:0a:15:bb:a0,25.0
00:18:0a:15:90:f0,00:18:0a:15:d6:10,22.0
00:18:0a:15:90:f0,00:18:0a:15:d7:20,1.0
00:18:0a:15:90:f0,00:18:0a:15:da:d0,10688.0
00:18:0a:15:90:f0,00:18:0a:15:dc:00,33493.0
00:18:0a:15:90:f0,00:18:0a:15:e6:c0,13736.0
00:18:0a:15:90:f0,00:18:0a:21:ba:b7,1.0
00:18:0a:15:90:f0,00:18:0a:27:c5:1a,5.0
00:18:0a:15:90:f0,00:18:0a:27:cf:e2,18.0
00:18:0a:15:90:f0,00:18:0a:a1:9f:60,6.0
00:18:0a:15:90:f0,00:18:0a:a5:4d:b0,1.0
00:18:0a:15:90:f0,00:18:0a:a5:a8:b0,1.0
00:18:0a:15:98:e0,00:18:0a:15:98:e0,277654.0
00:18:0a:15:98:e0,00:18:0a:15:aa:30,430727.0
00:18:0a:15:98:e0,00:18:0a:15:b2:40,59.0
00:18:0a:15:98:e0,00:18:0a:15:b9:30,848.0
00:18:0a:15:98:e0,00:18:0a:15:ba:f0,698.0
00:18:0a:15:98:e0,00:18:0a:15:bb:a0,2015.0
00:18:0a:15:98:e0,00:18:0a:15:d6:10,341919.0
00:18:0a:15:98:e0,00:18:0a:15:d7:20,272.0
00:18:0a:15:98:e0,00:18:0a:15:da:d0,173.0
00:18:0a:15:98:e0,00:18:0a:15:dc:00,5559.0
00:18:0a:15:98:e0,00:18:0a:15:e6:c0,3100.0
00:18:0a:15:98:e0,00:18:0a:21:8a:5a,1.0
00:18:0a:15:98:e0,00:18:0a:21:8d:14,14.0
00:18:0a:15:98:e0,00:18:0a:21:ba:b7,2.0
00:18:0a:15:98:e0,00:18:0a:21:e2:44,9.0
00:18:0a:15:98:e0,00:18:0a:21:e5:19,8.0
00:18:0a:15:98:e0,00:18:0a:21:e5:26,1.0
00:18:0a:15:98:e0,00:18:0a:21:e5:2b,4.0
00:18:0a:15:98:e0,00:18:0a:22:56:86,6.0
00:18:0a:15:98:e0,00:18:0a:22:56:92,4.0
00:18:0a:15:98:e0,00:18:0a:27:c5:1a,183645.0
00:18:0a:15:98:e0,00:18:0a:27:cf:e2,1206.0
00:18:0a:15:98:e0,00:18:0a:32:90:b4,6.0
00:18:0a:15:98:e0,00:18:0a:32:d9:02,2.0
00:18:0a:15:98:e0,00:18:0a:33:2e:f2,3.0
00:18:0a:15:98:e0,00:18:0a:a1:9f:60,949.0
00:18:0a:15:98:e0,00:18:0a:a5:32:b0,42.0
00:18:0a:15:98:e0,00:18:0a:a5:4a:00,50.0
00:18:0a:15:98:e0,00:18:0a:a5:4d:b0,139.0
00:18:0a:15:98:e0,00:18:0a:a5:66:b0,42.0
00:18:0a:15:98:e0,00:18:0a:a5:a8:b0,179.0
00:18:0a:15:aa:30,00:18:0a:15:aa:30,154200.0
00:18:0a:15:aa:30,00:18:0a:15:b2:40,47.0
00:18:0a:15:aa:30,00:18:0a:15:b9:30,365.0
00:18:0a:15:aa:30,00:18:0a:15:ba:f0,488.0
00:18:0a:15:aa:30,00:18:0a:15:bb:a0,1238.0
00:18:0a:15:aa:30,00:18:0a:15:d6:10,353450.0
00:18:0a:15:aa:30,00:18:0a:15:d7:20,129.0
00:18:0a:15:aa:30,00:18:0a:15:da:d0,37.0
00:18:0a:15:aa:30,00:18:0a:15:dc:00,2441.0
00:18:0a:15:aa:30,00:18:0a:15:e6:c0,2026.0
00:18:0a:15:aa:30,00:18:0a:21:8a:5a,5.0
00:18:0a:15:aa:30,00:18:0a:21:8d:14,3.0
00:18:0a:15:aa:30,00:18:0a:21:ba:b7,3.0
00:18:0a:15:aa:30,00:18:0a:21:e2:44,9.0
00:18:0a:15:aa:30,00:18:0a:21:e5:19,4.0
00:18:0a:15:aa:30,00:18:0a:21:e5:26,3.0
00:18:0a:15:aa:30,00:18:0a:21:e5:29,2.0
00:18:0a:15:aa:30,00:18:0a:21:e5:2b,2.0
00:18:0a:15:aa:30,00:18:0a:22:56:86,3.0
00:18:0a:15:aa:30,00:18:0a:22:56:92,2.0
00:18:0a:15:aa:30,00:18:0a:27:c5:1a,196822.0
00:18:0a:15:aa:30,00:18:0a:27:cf:e2,675.0
00:18:0a:15:aa:30,00:18:0a:32:90:b4,2.0
00:18:0a:15:aa:30,00:18:0a:a1:9f:60,212.0
00:18:0a:15:aa:30,00:18:0a:a5:32:b0,40.0
00:18:0a:15:aa:30,00:18:0a:a5:4a:00,26.0
00:18:0a:15:aa:30,00:18:0a:a5:4d:b0,97.0
00:18:0a:15:aa:30,00:18:0a:a5:66:b0,31.0
00:18:0a:15:aa:30,00:18:0a:a5:a8:b0,95.0
00:18:0a:15:b2:40,00:18:0a:15:b2:40,1702.0
00:18:0a:15:b2:40,00:18:0a:15:b9:30,24.0
00:18:0a:15:b2:40,00:18:0a:15:ba:f0,938.0
00:18:0a:15:b2:40,00:18:0a:15:bb:a0,988.0
00:18:0a:15:b2:40,00:18:0a:15:d6:10,50.0
00:18:0a:15:b2:40,00:18:0a:15:d7:20,5146.0
00:18:0a:15:b2:40,00:18:0a:15:da:d0,7.0
00:18:0a:15:b2:40,00:18:0a:15:dc:00,79.0
00:18:0a:15:b2:40,00:18:0a:15:e6:c0,21.0
00:18:0a:15:b2:40,00:18:0a:21:8a:5a,1.0
00:18:0a:15:b2:40,00:18:0a:21:e2:44,1.0
00:18:0a:15:b2:40,00:18:0a:27:c5:1a,17.0
00:18:0a:15:b2:40,00:18:0a:27:cf:e2,62.0
00:18:0a:15:b2:40,00:18:0a:32:90:b4,1.0
00:18:0a:15:b2:40,00:18:0a:a1:9f:60,6.0
00:18:0a:15:b2:40,00:18:0a:a5:32:b0,20.0
00:18:0a:15:b2:40,00:18:0a:a5:4a:00,47.0
00:18:0a:15:b2:40,00:18:0a:a5:4d:b0,49.0
00:18:0a:15:b2:40,00:18:0a:a5:66:b0,43.0
00:18:0a:15:b2:40,00:18:0a:a5:a8:b0,50.0
00:18:0a:15:b9:30,00:18:0a:15:b9:30,78499.0
00:18:0a:15:b9:30,00:18:0a:15:ba:f0,469.0
00:18:0a:15:b9:30,00:18:0a:15:bb:a0,233.0
00:18:0a:15:b9:30,00:18:0a:15:d6:10,502.0
00:18:0a:15:b9:30,00:18:0a:15:d7:20,47.0
00:18:0a:15:b9:30,00:18:0a:15:da:d0,25372.0
00:18:0a:15:b9:30,00:18:0a:15:dc:00,46675.0
00:18:0a:15:b9:30,00:18:0a:15:e6:c0,22256.0
00:18:0a:15:b9:30,00:18:0a:21:8a:5a,1.0
00:18:0a:15:b9:30,00:18:0a:21:8d:14,2.0
00:18:0a:15:b9:30,00:18:0a:21:ba:b7,1.0
00:18:0a:15:b9:30,00:18:0a:21:e2:44,1.0
00:18:0a:15:b9:30,00:18:0a:22:56:86,1.0
00:18:0a:15:b9:30,00:18:0a:22:56:92,1.0
00:18:0a:15:b9:30,00:18:0a:27:c5:1a,60.0
00:18:0a:15:b9:30,00:18:0a:27:cf:e2,179.0
00:18:0a:15:b9:30,00:18:0a:32:90:b4,1.0
00:18:0a:15:b9:30,00:18:0a:32:d9:02,1.0
00:18:0a:15:b9:30,00:18:0a:a1:9f:60,170.0
00:18:0a:15:b9:30,00:18:0a:a5:32:b0,3.0
00:18:0a:15:b9:30,00:18:0a:a5:4a:00,1.0
00:18:0a:15:b9:30,00:18:0a:a5:4d:b0,7.0
00:18:0a:15:b9:30,00:18:0a:a5:66:b0,8.0
00:18:0a:15:b9:30,00:18:0a:a5:a8:b0,15.0
00:18:0a:15:ba:f0,00:18:0a:15:ba:f0,24118.0
00:18:0a:15:ba:f0,00:18:0a:15:bb:a0,44929.0
00:18:0a:15:ba:f0,00:18:0a:15:d6:10,599.0
00:18:0a:15:ba:f0,00:18:0a:15:d7:20,1185.0
00:18:0a:15:ba:f0,00:18:0a:15:da:d0,700.0
00:18:0a:15:ba:f0,00:18:0a:15:dc:00,2242.0
00:18:0a:15:ba:f0,00:18:0a:15:e6:c0,2641.0
00:18:0a:15:ba:f0,00:18:0a:21:8d:14,1.0
00:18:0a:15:ba:f0,00:18:0a:21:e2:44,1.0
00:18:0a:15:ba:f0,00:18:0a:21:e5:19,1.0
00:18:0a:15:ba:f0,00:18:0a:22:56:86,1.0
00:18:0a:15:ba:f0,00:18:0a:22:56:92,1.0
00:18:0a:15:ba:f0,00:18:0a:27:c5:1a,95.0
00:18:0a:15:ba:f0,00:18:0a:27:cf:e2,689.0
00:18:0a:15:ba:f0,00:18:0a:32:90:b4,1.0
00:18:0a:15:ba:f0,00:18:0a:a1:9f:60,15.0
00:18:0a:15:ba:f0,00:18:0a:a5:32:b0,42.0
00:18:0a:15:ba:f0,00:18:0a:a5:4a:00,40.0
00:18:0a:15:ba:f0,00:18:0a:a5:4d:b0,197.0
00:18:0a:15:ba:f0,00:18:0a:a5:66:b0,33.0
00:18:0a:15:ba:f0,00:18:0a:a5:a8:b0,160.0
00:18:0a:15:bb:a0,00:18:0a:15:bb:a0,34912.0
00:18:0a:15:bb:a0,00:18:0a:15:d6:10,1214.0
00:18:0a:15:bb:a0,00:18:0a:15:d7:20,5354.0
00:18:0a:15:bb:a0,00:18:0a:15:da:d0,68.0
00:18:0a:15:bb:a0,00:18:0a:15:dc:00,1900.0
00:18:0a:15:bb:a0,00:18:0a:15:e6:c0,3099.0
00:18:0a:15:bb:a0,00:18:0a:21:e2:44,1.0
00:18:0a:15:bb:a0,00:18:0a:21:e5:26,2.0
00:18:0a:15:bb:a0,00:18:0a:21:e5:29,1.0
00:18:0a:15:bb:a0,00:18:0a:22:56:86,1.0
00:18:0a:15:bb:a0,00:18:0a:27:c5:1a,115.0
00:18:0a:15:bb:a0,00:18:0a:27:cf:e2,899.0
00:18:0a:15:bb:a0,00:18:0a:32:90:b4,2.0
00:18:0a:15:bb:a0,00:18:0a:a1:9f:60,20.0
00:18:0a:15:bb:a0,00:18:0a:a5:32:b0,68.0
00:18:0a:15:bb:a0,00:18:0a:a5:4a:00,80.0
00:18:0a:15:bb:a0,00:18:0a:a5:4d:b0,205.0
00:18:0a:15:bb:a0,00:18:0a:a5:66:b0,62.0
00:18:0a:15:bb:a0,00:18:0a:a5:a8:b0,216.0
00:18:0a:15:d6:10,00:18:0a:15:d6:10,195554.0
00:18:0a:15:d6:10,00:18:0a:15:d7:20,158.0
00:18:0a:15:d6:10,00:18:0a:15:da:d0,78.0
00:18:0a:15:d6:10,00:18:0a:15:dc:00,3379.0
00:18:0a:15:d6:10,00:18:0a:15:e6:c0,2348.0
00:18:0a:15:d6:10,00:18:0a:21:8a:5a,7.0
00:18:0a:15:d6:10,00:18:0a:21:8d:14,11.0
00:18:0a:15:d6:10,00:18:0a:21:ba:b7,4.0
00:18:0a:15:d6:10,00:18:0a:21:e2:44,12.0
00:18:0a:15:d6:10,00:18:0a:21:e5:19,4.0
00:18:0a:15:d6:10,00:18:0a:21:e5:26,3.0
00:18:0a:15:d6:10,00:18:0a:21:e5:29,1.0
00:18:0a:15:d6:10,00:18:0a:21:e5:2b,8.0
00:18:0a:15:d6:10,00:18:0a:22:56:86,3.0
00:18:0a:15:d6:10,00:18:0a:22:56:92,3.0
00:18:0a:15:d6:10,00:18:0a:27:c5:1a,188836.0
00:18:0a:15:d6:10,00:18:0a:27:cf:e2,1179.0
00:18:0a:15:d6:10,00:18:0a:32:90:b4,4.0
00:18:0a:15:d6:10,00:18:0a:32:d9:02,2.0
00:18:0a:15:d6:10,00:18:0a:33:2e:f2,1.0
00:18:0a:15:d6:10,00:18:0a:a1:9f:60,879.0
00:18:0a:15:d6:10,00:18:0a:a5:32:b0,36.0
00:18:0a:15:d6:10,00:18:0a:a5:4a:00,33.0
00:18:0a:15:d6:10,00:18:0a:a5:4d:b0,95.0
00:18:0a:15:d6:10,00:18:0a:a5:66:b0,27.0
00:18:0a:15:d6:10,00:18:0a:a5:a8:b0,105.0
00:18:0a:15:d7:20,00:18:0a:15:d7:20,65963.0
00:18:0a:15:d7:20,00:18:0a:15:da:d0,9.0
00:18:0a:15:d7:20,00:18:0a:15:dc:00,732.0
00:18:0a:15:d7:20,00:18:0a:15:e6:c0,1697.0
00:18:0a:15:d7:20,00:18:0a:21:e2:44,3.0
00:18:0a:15:d7:20,00:18:0a:21:e5:19,6.0
00:18:0a:15:d7:20,00:18:0a:21:e5:2b,1.0
00:18:0a:15:d7:20,00:18:0a:22:56:86,1.0
00:18:0a:15:d7:20,00:18:0a:22:56:92,1.0
00:18:0a:15:d7:20,00:18:0a:27:c5:1a,27.0
00:18:0a:15:d7:20,00:18:0a:27:cf:e2,225.0
00:18:0a:15:d7:20,00:18:0a:32:90:b4,2.0
00:18:0a:15:d7:20,00:18:0a:33:2e:f2,1.0
00:18:0a:15:d7:20,00:18:0a:a1:9f:60,44.0
00:18:0a:15:d7:20,00:18:0a:a5:32:b0,24.0
00:18:0a:15:d7:20,00:18:0a:a5:4a:00,24.0
00:18:0a:15:d7:20,00:18:0a:a5:4d:b0,44.0
00:18:0a:15:d7:20,00:18:0a:a5:66:b0,23.0
00:18:0a:15:d7:20,00:18:0a:a5:a8:b0,42.0
00:18:0a:15:da:d0,00:18:0a:15:da:d0,31173.0
00:18:0a:15:da:d0,00:18:0a:15:dc:00,23945.0
00:18:0a:15:da:d0,00:18:0a:15:e6:c0,21113.0
00:18:0a:15:da:d0,00:18:0a:21:e5:2b,1.0
00:18:0a:15:da:d0,00:18:0a:27:c5:1a,6.0
00:18:0a:15:da:d0,00:18:0a:27:cf:e2,49.0
00:18:0a:15:da:d0,00:18:0a:a1:9f:60,5.0
00:18:0a:15:da:d0,00:18:0a:a5:4a:00,4.0
00:18:0a:15:da:d0,00:18:0a:a5:4d:b0,2.0
00:18:0a:15:da:d0,00:18:0a:a5:66:b0,1.0
00:18:0a:15:da:d0,00:18:0a:a5:a8:b0,3.0
00:18:0a:15:dc:00,00:18:0a:15:dc:00,167176.0
00:18:0a:15:dc:00,00:18:0a:15:e6:c0,33886.0
00:18:0a:15:dc:00,00:18:0a:21:8a:5a,2.0
00:18:0a:15:dc:00,00:18:0a:21:8d:14,7.0
00:18:0a:15:dc:00,00:18:0a:21:ba:b7,2.0
00:18:0a:15:dc:00,00:18:0a:21:e2:44,9.0
00:18:0a:15:dc:00,00:18:0a:21:e5:19,5.0
00:18:0a:15:dc:00,00:18:0a:21:e5:26,1.0
00:18:0a:15:dc:00,00:18:0a:21:e5:2b,7.0
00:18:0a:15:dc:00,00:18:0a:22:56:86,1.0
00:18:0a:15:dc:00,00:18:0a:22:56:92,1.0
00:18:0a:15:dc:00,00:18:0a:27:c5:1a,102.0
00:18:0a:15:dc:00,00:18:0a:27:cf:e2,1804.0
00:18:0a:15:dc:00,00:18:0a:32:90:b4,6.0
00:18:0a:15:dc:00,00:18:0a:32:d9:02,1.0
00:18:0a:15:dc:00,00:18:0a:33:2e:f2,2.0
00:18:0a:15:dc:00,00:18:0a:a1:9f:60,55.0
00:18:0a:15:dc:00,00:18:0a:a5:32:b0,17.0
00:18:0a:15:dc:00,00:18:0a:a5:4a:00,13.0
00:18:0a:15:dc:00,00:18:0a:a5:4d:b0,50.0
00:18:0a:15:dc:00,00:18:0a:a5:66:b0,19.0
00:18:0a:15:dc:00,00:18:0a:a5:a8:b0,52.0
00:18:0a:15:e6:c0,00:18:0a:15:e6:c0,24451.0
00:18:0a:15:e6:c0,00:18:0a:21:8d:14,2.0
00:18:0a:15:e6:c0,00:18:0a:21:ba:b7,1.0
00:18:0a:15:e6:c0,00:18:0a:21:e2:44,6.0
00:18:0a:15:e6:c0,00:18:0a:21:e5:19,3.0
00:18:0a:15:e6:c0,00:18:0a:21:e5:2b,1.0
00:18:0a:15:e6:c0,00:18:0a:27:c5:1a,34.0
00:18:0a:15:e6:c0,00:18:0a:27:cf:e2,477.0
00:18:0a:15:e6:c0,00:18:0a:a1:9f:60,20.0
00:18:0a:15:e6:c0,00:18:0a:a5:32:b0,5.0
00:18:0a:15:e6:c0,00:18:0a:a5:4a:00,6.0
00:18:0a:15:e6:c0,00:18:0a:a5:4d:b0,12.0
00:18:0a:15:e6:c0,00:18:0a:a5:66:b0,4.0
00:18:0a:15:e6:c0,00:18:0a:a5:a8:b0,19.0
00:18:0a:21:8a:5a,00:18:0a:21:8a:5a,112474.0
00:18:0a:21:8a:5a,00:18:0a:21:8d:14,850.0
00:18:0a:21:8a:5a,00:18:0a:21:ba:b7,199524.0
00:18:0a:21:8a:5a,00:18:0a:21:e2:44,1142.0
00:18:0a:21:8a:5a,00:18:0a:21:e5:19,1336.0
00:18:0a:21:8a:5a,00:18:0a:21:e5:26,351.0
00:18:0a:21:8a:5a,00:18:0a:21:e5:29,59.0
00:18:0a:21:8a:5a,00:18:0a:21:e5:2b,625.0
00:18:0a:21:8a:5a,00:18:0a:22:56:86,282.0
00:18:0a:21:8a:5a,00:18:0a:22:56:92,187.0
00:18:0a:21:8a:5a,00:18:0a:27:cf:e2,3.0
00:18:0a:21:8a:5a,00:18:0a:32:90:b4,1241.0
00:18:0a:21:8a:5a,00:18:0a:32:d9:02,286.0
00:18:0a:21:8a:5a,00:18:0a:33:2e:f2,70.0
00:18:0a:21:8a:5a,00:18:0a:a1:9f:60,1.0
00:18:0a:21:8d:14,00:18:0a:21:8d:14,118979.0
00:18:0a:21:8d:14,00:18:0a:21:ba:b7,1004.0
00:18:0a:21:8d:14,00:18:0a:21:e2:44,150330.0
00:18:0a:21:8d:14,00:18:0a:21:e5:19,1514.0
00:18:0a:21:8d:14,00:18:0a:21:e5:26,367.0
00:18:0a:21:8d:14,00:18:0a:21:e5:29,380.0
00:18:0a:21:8d:14,00:18:0a:21:e5:2b,824.0
00:18:0a:21:8d:14,00:18:0a:22:56:86,436.0
00:18:0a:21:8d:14,00:18:0a:22:56:92,270.0
00:18:0a:21:8d:14,00:18:0a:27:c5:1a,2.0
00:18:0a:21:8d:14,00:18:0a:27:cf:e2,4.0
00:18:0a:21:8d:14,00:18:0a:32:90:b4,1453.0
00:18:0a:21:8d:14,00:18:0a:32:d9:02,389.0
00:18:0a:21:8d:14,00:18:0a:33:2e:f2,52.0
00:18:0a:21:ba:b7,00:18:0a:21:ba:b7,84455.0
00:18:0a:21:ba:b7,00:18:0a:21:e2:44,1350.0
00:18:0a:21:ba:b7,00:18:0a:21:e5:19,1588.0
00:18:0a:21:ba:b7,00:18:0a:21:e5:26,461.0
00:18:0a:21:ba:b7,00:18:0a:21:e5:29,56.0
00:18:0a:21:ba:b7,00:18:0a:21:e5:2b,676.0
00:18:0a:21:ba:b7,00:18:0a:22:56:86,304.0
00:18:0a:21:ba:b7,00:18:0a:22:56:92,197.0
00:18:0a:21:ba:b7,00:18:0a:27:c5:1a,1.0
00:18:0a:21:ba:b7,00:18:0a:27:cf:e2,2.0
00:18:0a:21:ba:b7,00:18:0a:32:90:b4,1479.0
00:18:0a:21:ba:b7,00:18:0a:32:d9:02,323.0
00:18:0a:21:ba:b7,00:18:0a:33:2e:f2,77.0
00:18:0a:21:ba:b7,00:18:0a:a1:9f:60,2.0
00:18:0a:21:ba:b7,00:18:0a:a5:66:b0,1.0
00:18:0a:21:e2:44,00:18:0a:21:e2:44,66379.0
00:18:0a:21:e2:44,00:18:0a:21:e5:19,2432.0
00:18:0a:21:e2:44,00:18:0a:21:e5:26,525.0
00:18:0a:21:e2:44,00:18:0a:21:e5:29,358.0
00:18:0a:21:e2:44,00:18:0a:21:e5:2b,1168.0
00:18:0a:21:e2:44,00:18:0a:22:56:86,606.0
00:18:0a:21:e2:44,00:18:0a:22:56:92,372.0
00:18:0a:21:e2:44,00:18:0a:27:c5:1a,4.0
00:18:0a:21:e2:44,00:18:0a:27:cf:e2,9.0
00:18:0a:21:e2:44,00:18:0a:32:90:b4,2222.0
00:18:0a:21:e2:44,00:18:0a:32:d9:02,532.0
00:18:0a:21:e2:44,00:18:0a:33:2e:f2,64.0
00:18:0a:21:e2:44,00:18:0a:a5:66:b0,2.0
00:18:0a:21:e5:19,00:18:0a:21:e5:19,159906.0
00:18:0a:21:e5:19,00:18:0a:21:e5:26,522.0
00:18:0a:21:e5:19,00:18:0a:21:e5:29,47.0
00:18:0a:21:e5:19,00:18:0a:21:e5:2b,1793.0
00:18:0a:21:e5:19,00:18:0a:22:56:86,1403.0
00:18:0a:21:e5:19,00:18:0a:22:56:92,837.0
00:18:0a:21:e5:19,00:18:0a:32:90:b4,2790.0
00:18:0a:21:e5:19,00:18:0a:32:d9:02,572.0
00:18:0a:21:e5:19,00:18:0a:33:2e:f2,64.0
00:18:0a:21:e5:19,00:18:0a:a5:a8:b0,1.0
00:18:0a:21:e5:26,00:18:0a:21:e5:26,24369.0
00:18:0a:21:e5:26,00:18:0a:21:e5:29,38.0
00:18:0a:21:e5:26,00:18:0a:21:e5:2b,342.0
00:18:0a:21:e5:26,00:18:0a:22:56:86,162.0
00:18:0a:21:e5:26,00:18:0a:22:56:92,91.0
00:18:0a:21:e5:26,00:18:0a:27:cf:e2,2.0
00:18:0a:21:e5:26,00:18:0a:32:90:b4,3613.0
00:18:0a:21:e5:26,00:18:0a:32:d9:02,1105.0
00:18:0a:21:e5:26,00:18:0a:33:2e:f2,180.0
00:18:0a:21:e5:29,00:18:0a:21:e5:29,59539.0
00:18:0a:21:e5:29,00:18:0a:21:e5:2b,41.0
00:18:0a:21:e5:29,00:18:0a:22:56:86,42.0
00:18:0a:21:e5:29,00:18:0a:22:56:92,35.0
00:18:0a:21:e5:29,00:18:0a:32:90:b4,103.0
00:18:0a:21:e5:29,00:18:0a:32:d9:02,32.0
00:18:0a:21:e5:29,00:18:0a:33:2e:f2,8.0
00:18:0a:21:e5:2b,00:18:0a:21:e5:2b,78617.0
00:18:0a:21:e5:2b,00:18:0a:22:56:86,1441.0
00:18:0a:21:e5:2b,00:18:0a:22:56:92,2295.0
00:18:0a:21:e5:2b,00:18:0a:27:c5:1a,1.0
00:18:0a:21:e5:2b,00:18:0a:27:cf:e2,2.0
00:18:0a:21:e5:2b,00:18:0a:32:90:b4,1380.0
00:18:0a:21:e5:2b,00:18:0a:32:d9:02,336.0
00:18:0a:21:e5:2b,00:18:0a:33:2e:f2,33.0
00:18:0a:22:56:86,00:18:0a:22:56:86,42091.0
00:18:0a:22:56:86,00:18:0a:22:56:92,93459.0
00:18:0a:22:56:86,00:18:0a:27:c5:1a,1.0
00:18:0a:22:56:86,00:18:0a:27:cf:e2,1.0
00:18:0a:22:56:86,00:18:0a:32:90:b4,664.0
00:18:0a:22:56:86,00:18:0a:32:d9:02,159.0
00:18:0a:22:56:86,00:18:0a:33:2e:f2,20.0
00:18:0a:22:56:92,00:18:0a:22:56:92,43716.0
00:18:0a:22:56:92,00:18:0a:27:c5:1a,1.0
00:18:0a:22:56:92,00:18:0a:32:90:b4,394.0
00:18:0a:22:56:92,00:18:0a:32:d9:02,97.0
00:18:0a:22:56:92,00:18:0a:33:2e:f2,16.0
00:18:0a:27:c5:1a,00:18:0a:27:c5:1a,15976.0
00:18:0a:27:c5:1a,00:18:0a:27:cf:e2,75.0
00:18:0a:27:c5:1a,00:18:0a:32:90:b4,1.0
00:18:0a:27:c5:1a,00:18:0a:a1:9f:60,39.0
00:18:0a:27:c5:1a,00:18:0a:a5:32:b0,10.0
00:18:0a:27:c5:1a,00:18:0a:a5:4a:00,3.0
00:18:0a:27:c5:1a,00:18:0a:a5:4d:b0,25.0
00:18:0a:27:c5:1a,00:18:0a:a5:66:b0,5.0
00:18:0a:27:c5:1a,00:18:0a:a5:a8:b0,35.0
00:18:0a:27:cf:e2,00:18:0a:27:cf:e2,30448.0
00:18:0a:27:cf:e2,00:18:0a:32:90:b4,3.0
00:18:0a:27:cf:e2,00:18:0a:a1:9f:60,243.0
00:18:0a:27:cf:e2,00:18:0a:a5:32:b0,81.0
00:18:0a:27:cf:e2,00:18:0a:a5:4a:00,66.0
00:18:0a:27:cf:e2,00:18:0a:a5:4d:b0,231.0
00:18:0a:27:cf:e2,00:18:0a:a5:66:b0,69.0
00:18:0a:27:cf:e2,00:18:0a:a5:a8:b0,257.0
00:18:0a:31:02:e4,00:18:0a:31:02:e4,9791.0
00:18:0a:32:90:b4,00:18:0a:32:90:b4,225913.0
00:18:0a:32:90:b4,00:18:0a:32:d9:02,164447.0
00:18:0a:32:90:b4,00:18:0a:33:2e:f2,795.0
00:18:0a:32:90:b4,00:18:0a:a5:a8:b0,1.0
00:18:0a:32:d9:02,00:18:0a:32:d9:02,80353.0
00:18:0a:32:d9:02,00:18:0a:33:2e:f2,183.0
00:18:0a:33:2e:f2,00:18:0a:33:2e:f2,96029.0
00:18:0a:a1:9f:60,00:18:0a:a1:9f:60,425452.0
00:18:0a:a1:9f:60,00:18:0a:a5:32:b0,1.0
00:18:0a:a1:9f:60,00:18:0a:a5:4a:00,2.0
00:18:0a:a1:9f:60,00:18:0a:a5:4d:b0,3.0
00:18:0a:a1:9f:60,00:18:0a:a5:66:b0,3.0
00:18:0a:a1:9f:60,00:18:0a:a5:a8:b0,5.0
00:18:0a:a5:32:b0,00:18:0a:a5:32:b0,78.0
00:18:0a:a5:32:b0,00:18:0a:a5:4a:00,745.0
00:18:0a:a5:32:b0,00:18:0a:a5:4d:b0,1609.0
00:18:0a:a5:32:b0,00:18:0a:a5:66:b0,625.0
00:18:0a:a5:32:b0,00:18:0a:a5:a8:b0,1467.0
00:18:0a:a5:4a:00,00:18:0a:a5:4a:00,187.0
00:18:0a:a5:4a:00,00:18:0a:a5:4d:b0,1166.0
00:18:0a:a5:4a:00,00:18:0a:a5:66:b0,1166.0
00:18:0a:a5:4a:00,00:18:0a:a5:a8:b0,2134.0
00:18:0a:a5:4d:b0,00:18:0a:a5:4d:b0,425.0
00:18:0a:a5:4d:b0,00:18:0a:a5:66:b0,992.0
00:18:0a:a5:4d:b0,00:18:0a:a5:a8:b0,2744.0
00:18:0a:a5:66:b0,00:18:0a:a5:66:b0,63.0
00:18:0a:a5:66:b0,00:18:0a:a5:a8:b0,1728.0
00:18:0a:a5:a8:b0,00:18:0a:a5:a8:b0,779.0
